customer_id,customer_unique_id,customer_zip_code_prefix,customer_city,customer_state
CUST000000,UNIQ000000,72431,Porto Alegre,PR
CUST000001,UNIQ000001,58716,Rio de Janeiro,PR
CUST000002,UNIQ000002,20066,Porto Alegre,BA
CUST000003,UNIQ000003,12009,Belo Horizonte,RS
CUST000004,UNIQ000004,98850,Brasília,PR
CUST000005,UNIQ000005,28827,Recife,BA
CUST000006,UNIQ000006,64793,Curitiba,DF
CUST000007,UNIQ000007,29928,São Paulo,CE
CUST000008,UNIQ000008,55837,Porto Alegre,SP
CUST000009,UNIQ000009,87754,Belo Horizonte,RJ
CUST000010,UNIQ000010,40447,Rio de Janeiro,SP
CUST000011,UNIQ000011,92404,Recife,SP
CUST000012,UNIQ000012,48695,Curitiba,CE
CUST000013,UNIQ000013,47459,Curitiba,BA
CUST000014,UNIQ000014,34353,Brasília,PR
CUST000015,UNIQ000015,70629,Fortaleza,CE
CUST000016,UNIQ000016,62348,Brasília,BA
CUST000017,UNIQ000017,97248,Curitiba,RS
CUST000018,UNIQ000018,57714,Salvador,PR
CUST000019,UNIQ000019,33247,Rio de Janeiro,CE
CUST000020,UNIQ000020,97519,Manaus,RJ
CUST000021,UNIQ000021,54461,Porto Alegre,PE
CUST000022,UNIQ000022,11583,São Paulo,DF
CUST000023,UNIQ000023,88163,Rio de Janeiro,PE
CUST000024,UNIQ000024,35007,Recife,BA
CUST000025,UNIQ000025,70404,Salvador,PR
CUST000026,UNIQ000026,23223,Rio de Janeiro,AM
CUST000027,UNIQ000027,88425,Rio de Janeiro,MG
CUST000028,UNIQ000028,97117,Recife,RJ
CUST000029,UNIQ000029,42887,São Paulo,MG
CUST000030,UNIQ000030,26249,Fortaleza,MG
CUST000031,UNIQ000031,35369,Manaus,BA
CUST000032,UNIQ000032,75122,Curitiba,PR
CUST000033,UNIQ000033,16661,Salvador,DF
CUST000034,UNIQ000034,53495,Curitiba,RJ
CUST000035,UNIQ000035,73686,Fortaleza,MG
CUST000036,UNIQ000036,28201,Brasília,CE
CUST000037,UNIQ000037,83411,Manaus,CE
CUST000038,UNIQ000038,21586,Fortaleza,PE
CUST000039,UNIQ000039,57543,Salvador,BA
CUST000040,UNIQ000040,90229,Curitiba,RJ
CUST000041,UNIQ000041,60059,Brasília,RJ
CUST000042,UNIQ000042,33031,Fortaleza,AM
CUST000043,UNIQ000043,66141,Fortaleza,PR
CUST000044,UNIQ000044,93953,Manaus,BA
CUST000045,UNIQ000045,60412,Rio de Janeiro,CE
CUST000046,UNIQ000046,27948,Recife,SP
CUST000047,UNIQ000047,44940,Curitiba,RS
CUST000048,UNIQ000048,79042,Salvador,RS
CUST000049,UNIQ000049,57564,Curitiba,PR
CUST000050,UNIQ000050,77463,São Paulo,DF
CUST000051,UNIQ000051,68675,Brasília,MG
CUST000052,UNIQ000052,29800,Belo Horizonte,RS
CUST000053,UNIQ000053,20869,Salvador,SP
CUST000054,UNIQ000054,52169,Salvador,AM
CUST000055,UNIQ000055,60718,Porto Alegre,CE
CUST000056,UNIQ000056,49335,Rio de Janeiro,MG
CUST000057,UNIQ000057,69661,Rio de Janeiro,DF
CUST000058,UNIQ000058,12115,Brasília,MG
CUST000059,UNIQ000059,72411,Porto Alegre,AM
CUST000060,UNIQ000060,94051,Belo Horizonte,CE
CUST000061,UNIQ000061,35403,Curitiba,DF
CUST000062,UNIQ000062,51504,Curitiba,RS
CUST000063,UNIQ000063,88247,Porto Alegre,RS
CUST000064,UNIQ000064,78571,Manaus,BA
CUST000065,UNIQ000065,89252,Recife,RS
CUST000066,UNIQ000066,59291,Rio de Janeiro,MG
CUST000067,UNIQ000067,46200,Salvador,BA
CUST000068,UNIQ000068,23607,Belo Horizonte,MG
CUST000069,UNIQ000069,88360,Rio de Janeiro,RS
CUST000070,UNIQ000070,23934,Fortaleza,MG
CUST000071,UNIQ000071,53276,Brasília,CE
CUST000072,UNIQ000072,53984,Fortaleza,AM
CUST000073,UNIQ000073,63673,Manaus,SP
CUST000074,UNIQ000074,81960,Recife,CE
CUST000075,UNIQ000075,39447,Brasília,MG
CUST000076,UNIQ000076,22892,Brasília,PE
CUST000077,UNIQ000077,75181,Manaus,PR
CUST000078,UNIQ000078,70456,Salvador,BA
CUST000079,UNIQ000079,54623,Manaus,SP
CUST000080,UNIQ000080,81797,São Paulo,BA
CUST000081,UNIQ000081,71462,Brasília,SP
CUST000082,UNIQ000082,34733,Curitiba,PE
CUST000083,UNIQ000083,96160,Fortaleza,DF
CUST000084,UNIQ000084,27122,Manaus,SP
CUST000085,UNIQ000085,16549,Recife,BA
CUST000086,UNIQ000086,56571,Salvador,RS
CUST000087,UNIQ000087,75458,Porto Alegre,PE
CUST000088,UNIQ000088,27900,Rio de Janeiro,RJ
CUST000089,UNIQ000089,24940,Curitiba,AM
CUST000090,UNIQ000090,24700,Salvador,RS
CUST000091,UNIQ000091,80380,Recife,SP
CUST000092,UNIQ000092,56635,Belo Horizonte,BA
CUST000093,UNIQ000093,42422,Manaus,RS
CUST000094,UNIQ000094,68424,Recife,AM
CUST000095,UNIQ000095,31704,Manaus,SP
CUST000096,UNIQ000096,65312,Salvador,SP
CUST000097,UNIQ000097,45479,Porto Alegre,RJ
CUST000098,UNIQ000098,30089,Recife,CE
CUST000099,UNIQ000099,37454,Salvador,PE
CUST000100,UNIQ000100,24616,Porto Alegre,PR
CUST000101,UNIQ000101,29310,Curitiba,BA
CUST000102,UNIQ000102,11729,Belo Horizonte,RJ
CUST000103,UNIQ000103,99748,São Paulo,PE
CUST000104,UNIQ000104,51840,Fortaleza,CE
CUST000105,UNIQ000105,65248,Rio de Janeiro,RS
CUST000106,UNIQ000106,14259,Recife,CE
CUST000107,UNIQ000107,71479,Brasília,PE
CUST000108,UNIQ000108,71164,Recife,BA
CUST000109,UNIQ000109,34942,Salvador,BA
CUST000110,UNIQ000110,21807,Belo Horizonte,SP
CUST000111,UNIQ000111,52250,Porto Alegre,PR
CUST000112,UNIQ000112,69271,São Paulo,MG
CUST000113,UNIQ000113,39767,Brasília,MG
CUST000114,UNIQ000114,72422,Salvador,DF
CUST000115,UNIQ000115,28047,Rio de Janeiro,MG
CUST000116,UNIQ000116,81005,Salvador,RS
CUST000117,UNIQ000117,86028,Porto Alegre,AM
CUST000118,UNIQ000118,47516,Recife,AM
CUST000119,UNIQ000119,52554,Rio de Janeiro,SP
CUST000120,UNIQ000120,49130,Rio de Janeiro,AM
CUST000121,UNIQ000121,16752,Manaus,MG
CUST000122,UNIQ000122,64111,Curitiba,AM
CUST000123,UNIQ000123,98884,Brasília,SP
CUST000124,UNIQ000124,93541,Brasília,DF
CUST000125,UNIQ000125,96544,Rio de Janeiro,PE
CUST000126,UNIQ000126,37220,Salvador,RS
CUST000127,UNIQ000127,34332,Curitiba,SP
CUST000128,UNIQ000128,41760,Porto Alegre,CE
CUST000129,UNIQ000129,92102,Curitiba,RJ
CUST000130,UNIQ000130,17246,Manaus,RS
CUST000131,UNIQ000131,27336,Fortaleza,BA
CUST000132,UNIQ000132,68752,Salvador,RS
CUST000133,UNIQ000133,23926,Salvador,RJ
CUST000134,UNIQ000134,39850,Manaus,PR
CUST000135,UNIQ000135,63395,Fortaleza,PR
CUST000136,UNIQ000136,98546,Curitiba,BA
CUST000137,UNIQ000137,73089,Curitiba,RJ
CUST000138,UNIQ000138,77708,Porto Alegre,RJ
CUST000139,UNIQ000139,86028,Fortaleza,PE
CUST000140,UNIQ000140,76025,Manaus,RS
CUST000141,UNIQ000141,69312,Curitiba,RJ
CUST000142,UNIQ000142,93353,Porto Alegre,PE
CUST000143,UNIQ000143,19919,Belo Horizonte,MG
CUST000144,UNIQ000144,40827,Brasília,DF
CUST000145,UNIQ000145,46693,Belo Horizonte,BA
CUST000146,UNIQ000146,18377,São Paulo,BA
CUST000147,UNIQ000147,99355,Fortaleza,RS
CUST000148,UNIQ000148,61218,Curitiba,BA
CUST000149,UNIQ000149,12998,Salvador,PE
CUST000150,UNIQ000150,69674,Recife,PE
CUST000151,UNIQ000151,74053,Manaus,MG
CUST000152,UNIQ000152,84353,Porto Alegre,RS
CUST000153,UNIQ000153,28626,Belo Horizonte,RS
CUST000154,UNIQ000154,23905,Recife,PE
CUST000155,UNIQ000155,54712,Rio de Janeiro,SP
CUST000156,UNIQ000156,49534,Rio de Janeiro,BA
CUST000157,UNIQ000157,25884,São Paulo,BA
CUST000158,UNIQ000158,51405,Rio de Janeiro,BA
CUST000159,UNIQ000159,69090,Fortaleza,PE
CUST000160,UNIQ000160,28029,Manaus,PE
CUST000161,UNIQ000161,16370,Curitiba,MG
CUST000162,UNIQ000162,45368,Curitiba,PR
CUST000163,UNIQ000163,75040,Brasília,RS
CUST000164,UNIQ000164,16996,São Paulo,RJ
CUST000165,UNIQ000165,43066,Rio de Janeiro,PR
CUST000166,UNIQ000166,27029,Fortaleza,AM
CUST000167,UNIQ000167,64931,Curitiba,RS
CUST000168,UNIQ000168,32715,Brasília,PE
CUST000169,UNIQ000169,60433,Fortaleza,RJ
CUST000170,UNIQ000170,90116,Brasília,AM
CUST000171,UNIQ000171,95564,Fortaleza,RS
CUST000172,UNIQ000172,53764,São Paulo,RS
CUST000173,UNIQ000173,34825,Rio de Janeiro,CE
CUST000174,UNIQ000174,12685,São Paulo,PE
CUST000175,UNIQ000175,55514,Fortaleza,MG
CUST000176,UNIQ000176,87745,Recife,SP
CUST000177,UNIQ000177,39590,Curitiba,MG
CUST000178,UNIQ000178,62626,Rio de Janeiro,RJ
CUST000179,UNIQ000179,25397,Recife,PE
CUST000180,UNIQ000180,27267,Curitiba,MG
CUST000181,UNIQ000181,38637,Recife,PR
CUST000182,UNIQ000182,51074,Fortaleza,DF
CUST000183,UNIQ000183,52102,São Paulo,DF
CUST000184,UNIQ000184,97539,Curitiba,RS
CUST000185,UNIQ000185,84766,Fortaleza,BA
CUST000186,UNIQ000186,86773,Belo Horizonte,CE
CUST000187,UNIQ000187,32656,Brasília,RS
CUST000188,UNIQ000188,90790,Belo Horizonte,RJ
CUST000189,UNIQ000189,62738,Recife,DF
CUST000190,UNIQ000190,34743,Belo Horizonte,BA
CUST000191,UNIQ000191,26377,Brasília,MG
CUST000192,UNIQ000192,53190,Belo Horizonte,RJ
CUST000193,UNIQ000193,30100,Salvador,PR
CUST000194,UNIQ000194,93036,Salvador,RS
CUST000195,UNIQ000195,85383,Porto Alegre,RS
CUST000196,UNIQ000196,78305,Recife,RS
CUST000197,UNIQ000197,69377,Salvador,AM
CUST000198,UNIQ000198,15556,Salvador,MG
CUST000199,UNIQ000199,96852,Rio de Janeiro,PR
CUST000200,UNIQ000200,24824,Recife,SP
CUST000201,UNIQ000201,53852,Manaus,SP
CUST000202,UNIQ000202,32991,Recife,DF
CUST000203,UNIQ000203,56365,Manaus,DF
CUST000204,UNIQ000204,70914,Salvador,PE
CUST000205,UNIQ000205,53796,Brasília,RJ
CUST000206,UNIQ000206,59843,Manaus,RS
CUST000207,UNIQ000207,55211,Porto Alegre,BA
CUST000208,UNIQ000208,46186,São Paulo,AM
CUST000209,UNIQ000209,18076,Recife,MG
CUST000210,UNIQ000210,32729,São Paulo,SP
CUST000211,UNIQ000211,22141,Rio de Janeiro,RJ
CUST000212,UNIQ000212,40807,Manaus,PR
CUST000213,UNIQ000213,93658,Salvador,DF
CUST000214,UNIQ000214,14767,Brasília,PR
CUST000215,UNIQ000215,87792,São Paulo,PE
CUST000216,UNIQ000216,49193,Belo Horizonte,RS
CUST000217,UNIQ000217,27347,Porto Alegre,PR
CUST000218,UNIQ000218,96046,Fortaleza,PE
CUST000219,UNIQ000219,58988,Rio de Janeiro,CE
CUST000220,UNIQ000220,85676,Belo Horizonte,PR
CUST000221,UNIQ000221,74269,Belo Horizonte,PE
CUST000222,UNIQ000222,92197,Porto Alegre,AM
CUST000223,UNIQ000223,64918,Manaus,DF
CUST000224,UNIQ000224,30461,Rio de Janeiro,CE
CUST000225,UNIQ000225,67341,Porto Alegre,PE
CUST000226,UNIQ000226,44559,Manaus,SP
CUST000227,UNIQ000227,17236,Porto Alegre,CE
CUST000228,UNIQ000228,30077,Recife,AM
CUST000229,UNIQ000229,35112,Brasília,PE
CUST000230,UNIQ000230,19356,Manaus,DF
CUST000231,UNIQ000231,79347,Salvador,RJ
CUST000232,UNIQ000232,22907,Curitiba,BA
CUST000233,UNIQ000233,88574,Curitiba,PR
CUST000234,UNIQ000234,90127,Recife,RS
CUST000235,UNIQ000235,12819,Salvador,PR
CUST000236,UNIQ000236,78998,Curitiba,PE
CUST000237,UNIQ000237,99369,Recife,RJ
CUST000238,UNIQ000238,45633,Recife,SP
CUST000239,UNIQ000239,82925,Recife,MG
CUST000240,UNIQ000240,52826,Rio de Janeiro,DF
CUST000241,UNIQ000241,61570,Curitiba,AM
CUST000242,UNIQ000242,11872,Belo Horizonte,BA
CUST000243,UNIQ000243,83377,São Paulo,SP
CUST000244,UNIQ000244,19449,Porto Alegre,MG
CUST000245,UNIQ000245,68165,Porto Alegre,CE
CUST000246,UNIQ000246,96030,Brasília,DF
CUST000247,UNIQ000247,85807,Brasília,SP
CUST000248,UNIQ000248,98026,Belo Horizonte,DF
CUST000249,UNIQ000249,12162,Curitiba,RJ
CUST000250,UNIQ000250,68583,Curitiba,RJ
CUST000251,UNIQ000251,83736,Manaus,SP
CUST000252,UNIQ000252,94790,Belo Horizonte,RS
CUST000253,UNIQ000253,46842,São Paulo,PR
CUST000254,UNIQ000254,76754,Curitiba,MG
CUST000255,UNIQ000255,61756,Recife,PE
CUST000256,UNIQ000256,67238,Belo Horizonte,DF
CUST000257,UNIQ000257,38921,Belo Horizonte,RJ
CUST000258,UNIQ000258,81841,São Paulo,CE
CUST000259,UNIQ000259,83265,Rio de Janeiro,PE
CUST000260,UNIQ000260,14192,Curitiba,BA
CUST000261,UNIQ000261,49268,Manaus,BA
CUST000262,UNIQ000262,83607,Manaus,CE
CUST000263,UNIQ000263,50956,São Paulo,AM
CUST000264,UNIQ000264,64245,Recife,RJ
CUST000265,UNIQ000265,17888,Porto Alegre,SP
CUST000266,UNIQ000266,11348,São Paulo,RJ
CUST000267,UNIQ000267,48072,Porto Alegre,BA
CUST000268,UNIQ000268,59099,Rio de Janeiro,RS
CUST000269,UNIQ000269,87545,Rio de Janeiro,PE
CUST000270,UNIQ000270,38099,Manaus,RS
CUST000271,UNIQ000271,97439,Belo Horizonte,DF
CUST000272,UNIQ000272,81786,São Paulo,PR
CUST000273,UNIQ000273,88747,São Paulo,BA
CUST000274,UNIQ000274,62339,Belo Horizonte,CE
CUST000275,UNIQ000275,39113,Rio de Janeiro,AM
CUST000276,UNIQ000276,96482,Curitiba,PR
CUST000277,UNIQ000277,99206,Manaus,RJ
CUST000278,UNIQ000278,82785,Curitiba,MG
CUST000279,UNIQ000279,54061,Rio de Janeiro,RJ
CUST000280,UNIQ000280,44741,Curitiba,BA
CUST000281,UNIQ000281,70065,São Paulo,RS
CUST000282,UNIQ000282,70643,Fortaleza,AM
CUST000283,UNIQ000283,16040,Rio de Janeiro,CE
CUST000284,UNIQ000284,47185,Salvador,PE
CUST000285,UNIQ000285,95409,Recife,SP
CUST000286,UNIQ000286,89717,Curitiba,MG
CUST000287,UNIQ000287,17606,Manaus,AM
CUST000288,UNIQ000288,96063,São Paulo,PE
CUST000289,UNIQ000289,18692,Belo Horizonte,PE
CUST000290,UNIQ000290,80577,Brasília,SP
CUST000291,UNIQ000291,57493,Fortaleza,SP
CUST000292,UNIQ000292,89481,Salvador,PR
CUST000293,UNIQ000293,56317,Curitiba,CE
CUST000294,UNIQ000294,98511,Salvador,MG
CUST000295,UNIQ000295,40257,Recife,MG
CUST000296,UNIQ000296,49829,Rio de Janeiro,RS
CUST000297,UNIQ000297,65904,Porto Alegre,PR
CUST000298,UNIQ000298,70669,Recife,RJ
CUST000299,UNIQ000299,67228,Curitiba,AM
CUST000300,UNIQ000300,65699,Salvador,BA
CUST000301,UNIQ000301,19456,Manaus,PR
CUST000302,UNIQ000302,35992,Porto Alegre,MG
CUST000303,UNIQ000303,23006,Rio de Janeiro,DF
CUST000304,UNIQ000304,72811,Brasília,AM
CUST000305,UNIQ000305,45625,Salvador,BA
CUST000306,UNIQ000306,33775,São Paulo,RJ
CUST000307,UNIQ000307,84808,São Paulo,SP
CUST000308,UNIQ000308,85429,São Paulo,BA
CUST000309,UNIQ000309,51188,Brasília,RJ
CUST000310,UNIQ000310,63074,São Paulo,DF
CUST000311,UNIQ000311,53448,Salvador,SP
CUST000312,UNIQ000312,21859,Fortaleza,PR
CUST000313,UNIQ000313,16439,São Paulo,DF
CUST000314,UNIQ000314,47688,Belo Horizonte,RJ
CUST000315,UNIQ000315,30288,Curitiba,CE
CUST000316,UNIQ000316,37774,Rio de Janeiro,PE
CUST000317,UNIQ000317,98648,Salvador,RJ
CUST000318,UNIQ000318,86055,Curitiba,MG
CUST000319,UNIQ000319,14672,Salvador,MG
CUST000320,UNIQ000320,87092,Curitiba,SP
CUST000321,UNIQ000321,17917,Fortaleza,PE
CUST000322,UNIQ000322,58821,Rio de Janeiro,PE
CUST000323,UNIQ000323,97961,Belo Horizonte,AM
CUST000324,UNIQ000324,39313,Fortaleza,MG
CUST000325,UNIQ000325,79604,Manaus,MG
CUST000326,UNIQ000326,83267,Manaus,RJ
CUST000327,UNIQ000327,59348,Brasília,AM
CUST000328,UNIQ000328,58122,Brasília,PE
CUST000329,UNIQ000329,15538,Curitiba,AM
CUST000330,UNIQ000330,22902,Manaus,MG
CUST000331,UNIQ000331,34269,Rio de Janeiro,RJ
CUST000332,UNIQ000332,67670,Fortaleza,RS
CUST000333,UNIQ000333,54030,Rio de Janeiro,DF
CUST000334,UNIQ000334,70395,Recife,CE
CUST000335,UNIQ000335,29089,Belo Horizonte,SP
CUST000336,UNIQ000336,80602,Belo Horizonte,DF
CUST000337,UNIQ000337,92719,Rio de Janeiro,BA
CUST000338,UNIQ000338,18224,Porto Alegre,RS
CUST000339,UNIQ000339,56408,Fortaleza,RS
CUST000340,UNIQ000340,80089,Salvador,RS
CUST000341,UNIQ000341,64106,Manaus,RS
CUST000342,UNIQ000342,58852,Belo Horizonte,BA
CUST000343,UNIQ000343,82175,Salvador,AM
CUST000344,UNIQ000344,13575,Rio de Janeiro,AM
CUST000345,UNIQ000345,13604,Recife,SP
CUST000346,UNIQ000346,59799,Salvador,RS
CUST000347,UNIQ000347,13743,Salvador,SP
CUST000348,UNIQ000348,81445,Curitiba,MG
CUST000349,UNIQ000349,56766,São Paulo,BA
CUST000350,UNIQ000350,54062,Salvador,BA
CUST000351,UNIQ000351,27148,Porto Alegre,MG
CUST000352,UNIQ000352,81152,Rio de Janeiro,CE
CUST000353,UNIQ000353,89129,Rio de Janeiro,DF
CUST000354,UNIQ000354,77396,Curitiba,RJ
CUST000355,UNIQ000355,12896,Porto Alegre,RJ
CUST000356,UNIQ000356,73505,Brasília,AM
CUST000357,UNIQ000357,90706,Fortaleza,PE
CUST000358,UNIQ000358,43319,Rio de Janeiro,BA
CUST000359,UNIQ000359,35213,Brasília,CE
CUST000360,UNIQ000360,80253,Curitiba,SP
CUST000361,UNIQ000361,49010,São Paulo,RJ
CUST000362,UNIQ000362,26155,Porto Alegre,PR
CUST000363,UNIQ000363,41473,Belo Horizonte,CE
CUST000364,UNIQ000364,93419,Recife,BA
CUST000365,UNIQ000365,66259,Porto Alegre,DF
CUST000366,UNIQ000366,39213,Curitiba,RJ
CUST000367,UNIQ000367,37125,Salvador,RS
CUST000368,UNIQ000368,97285,Porto Alegre,AM
CUST000369,UNIQ000369,19573,Porto Alegre,PR
CUST000370,UNIQ000370,32383,Brasília,RJ
CUST000371,UNIQ000371,24637,Curitiba,DF
CUST000372,UNIQ000372,71999,Belo Horizonte,DF
CUST000373,UNIQ000373,36327,Manaus,DF
CUST000374,UNIQ000374,14036,Fortaleza,CE
CUST000375,UNIQ000375,40507,Belo Horizonte,RJ
CUST000376,UNIQ000376,48864,Recife,MG
CUST000377,UNIQ000377,72396,Recife,BA
CUST000378,UNIQ000378,13181,Salvador,AM
CUST000379,UNIQ000379,36245,Belo Horizonte,CE
CUST000380,UNIQ000380,30471,Brasília,CE
CUST000381,UNIQ000381,90568,Manaus,MG
CUST000382,UNIQ000382,99749,Porto Alegre,PR
CUST000383,UNIQ000383,27071,Fortaleza,RJ
CUST000384,UNIQ000384,11822,Rio de Janeiro,PR
CUST000385,UNIQ000385,41575,Salvador,RS
CUST000386,UNIQ000386,42891,Manaus,PE
CUST000387,UNIQ000387,82838,Curitiba,BA
CUST000388,UNIQ000388,10000,Porto Alegre,AM
CUST000389,UNIQ000389,11731,Recife,RS
CUST000390,UNIQ000390,63498,Salvador,PE
CUST000391,UNIQ000391,30680,Belo Horizonte,SP
CUST000392,UNIQ000392,49764,Salvador,MG
CUST000393,UNIQ000393,18823,Manaus,SP
CUST000394,UNIQ000394,72645,Belo Horizonte,DF
CUST000395,UNIQ000395,34496,Curitiba,AM
CUST000396,UNIQ000396,87869,Recife,PE
CUST000397,UNIQ000397,31940,Brasília,RJ
CUST000398,UNIQ000398,19891,Brasília,MG
CUST000399,UNIQ000399,17771,Rio de Janeiro,MG
CUST000400,UNIQ000400,72323,Manaus,RS
CUST000401,UNIQ000401,42179,Curitiba,PE
CUST000402,UNIQ000402,86988,Curitiba,RS
CUST000403,UNIQ000403,69817,Manaus,BA
CUST000404,UNIQ000404,39394,Manaus,DF
CUST000405,UNIQ000405,39183,Recife,RS
CUST000406,UNIQ000406,30527,Fortaleza,CE
CUST000407,UNIQ000407,16901,Belo Horizonte,AM
CUST000408,UNIQ000408,35430,Rio de Janeiro,PE
CUST000409,UNIQ000409,51458,Curitiba,AM
CUST000410,UNIQ000410,74011,Rio de Janeiro,SP
CUST000411,UNIQ000411,95023,Salvador,RS
CUST000412,UNIQ000412,37025,Recife,MG
CUST000413,UNIQ000413,90823,Rio de Janeiro,PR
CUST000414,UNIQ000414,36475,Belo Horizonte,PE
CUST000415,UNIQ000415,72829,Curitiba,PR
CUST000416,UNIQ000416,35416,Brasília,BA
CUST000417,UNIQ000417,97735,São Paulo,MG
CUST000418,UNIQ000418,41157,Fortaleza,PR
CUST000419,UNIQ000419,94544,Recife,RJ
CUST000420,UNIQ000420,82139,Fortaleza,RS
CUST000421,UNIQ000421,50036,Rio de Janeiro,BA
CUST000422,UNIQ000422,87521,Recife,MG
CUST000423,UNIQ000423,40188,Recife,RS
CUST000424,UNIQ000424,92079,Salvador,SP
CUST000425,UNIQ000425,99824,Rio de Janeiro,RS
CUST000426,UNIQ000426,62298,Recife,PR
CUST000427,UNIQ000427,64235,Porto Alegre,PR
CUST000428,UNIQ000428,75409,Rio de Janeiro,AM
CUST000429,UNIQ000429,31064,Brasília,PE
CUST000430,UNIQ000430,56471,Fortaleza,RJ
CUST000431,UNIQ000431,40477,Curitiba,DF
CUST000432,UNIQ000432,48017,Porto Alegre,DF
CUST000433,UNIQ000433,55523,Recife,SP
CUST000434,UNIQ000434,89822,São Paulo,RS
CUST000435,UNIQ000435,95940,Recife,PR
CUST000436,UNIQ000436,71616,Curitiba,RJ
CUST000437,UNIQ000437,60949,Fortaleza,AM
CUST000438,UNIQ000438,19252,Brasília,RS
CUST000439,UNIQ000439,51145,Fortaleza,DF
CUST000440,UNIQ000440,82393,Fortaleza,CE
CUST000441,UNIQ000441,63867,Fortaleza,PE
CUST000442,UNIQ000442,51855,Fortaleza,MG
CUST000443,UNIQ000443,57194,Belo Horizonte,CE
CUST000444,UNIQ000444,61751,Brasília,RJ
CUST000445,UNIQ000445,61851,São Paulo,RJ
CUST000446,UNIQ000446,89712,Manaus,DF
CUST000447,UNIQ000447,85473,Porto Alegre,AM
CUST000448,UNIQ000448,17977,Brasília,CE
CUST000449,UNIQ000449,63907,Brasília,AM
CUST000450,UNIQ000450,51825,Salvador,RJ
CUST000451,UNIQ000451,86186,Manaus,BA
CUST000452,UNIQ000452,92697,Curitiba,CE
CUST000453,UNIQ000453,63761,Belo Horizonte,RJ
CUST000454,UNIQ000454,11471,Salvador,AM
CUST000455,UNIQ000455,52359,Belo Horizonte,SP
CUST000456,UNIQ000456,66997,Fortaleza,PE
CUST000457,UNIQ000457,13556,Manaus,RJ
CUST000458,UNIQ000458,48188,São Paulo,DF
CUST000459,UNIQ000459,55137,São Paulo,AM
CUST000460,UNIQ000460,85778,Porto Alegre,PR
CUST000461,UNIQ000461,58924,Fortaleza,DF
CUST000462,UNIQ000462,67066,Brasília,MG
CUST000463,UNIQ000463,89939,Manaus,PE
CUST000464,UNIQ000464,96672,Belo Horizonte,CE
CUST000465,UNIQ000465,68920,Rio de Janeiro,SP
CUST000466,UNIQ000466,97373,Manaus,DF
CUST000467,UNIQ000467,73755,Fortaleza,SP
CUST000468,UNIQ000468,45322,Porto Alegre,RS
CUST000469,UNIQ000469,19924,Salvador,MG
CUST000470,UNIQ000470,40435,Porto Alegre,DF
CUST000471,UNIQ000471,60934,Rio de Janeiro,DF
CUST000472,UNIQ000472,73013,Manaus,MG
CUST000473,UNIQ000473,73340,São Paulo,RJ
CUST000474,UNIQ000474,50395,Curitiba,DF
CUST000475,UNIQ000475,26247,Salvador,AM
CUST000476,UNIQ000476,71943,Recife,SP
CUST000477,UNIQ000477,72045,Salvador,RJ
CUST000478,UNIQ000478,45868,São Paulo,PE
CUST000479,UNIQ000479,94519,Belo Horizonte,PE
CUST000480,UNIQ000480,64501,Fortaleza,PE
CUST000481,UNIQ000481,15128,Fortaleza,AM
CUST000482,UNIQ000482,87614,Fortaleza,BA
CUST000483,UNIQ000483,96274,Salvador,PE
CUST000484,UNIQ000484,92457,Belo Horizonte,AM
CUST000485,UNIQ000485,44190,Recife,RJ
CUST000486,UNIQ000486,83444,Recife,PR
CUST000487,UNIQ000487,21082,Curitiba,RS
CUST000488,UNIQ000488,31061,Curitiba,MG
CUST000489,UNIQ000489,65710,Belo Horizonte,DF
CUST000490,UNIQ000490,87601,Recife,MG
CUST000491,UNIQ000491,97080,Brasília,PE
CUST000492,UNIQ000492,41251,Recife,BA
CUST000493,UNIQ000493,28180,Rio de Janeiro,BA
CUST000494,UNIQ000494,75791,Manaus,DF
CUST000495,UNIQ000495,95998,Rio de Janeiro,PE
CUST000496,UNIQ000496,13478,Rio de Janeiro,RJ
CUST000497,UNIQ000497,11972,Rio de Janeiro,DF
CUST000498,UNIQ000498,14380,Curitiba,DF
CUST000499,UNIQ000499,25633,Recife,PR
CUST000500,UNIQ000500,18870,São Paulo,AM
CUST000501,UNIQ000501,87398,Belo Horizonte,PE
CUST000502,UNIQ000502,52035,Curitiba,RJ
CUST000503,UNIQ000503,14181,Manaus,MG
CUST000504,UNIQ000504,95959,Brasília,BA
CUST000505,UNIQ000505,99882,Brasília,RS
CUST000506,UNIQ000506,23603,Curitiba,BA
CUST000507,UNIQ000507,38766,Belo Horizonte,MG
CUST000508,UNIQ000508,31312,Brasília,RS
CUST000509,UNIQ000509,15853,Brasília,AM
CUST000510,UNIQ000510,62111,Salvador,PR
CUST000511,UNIQ000511,71741,Manaus,CE
CUST000512,UNIQ000512,76269,Brasília,RJ
CUST000513,UNIQ000513,30359,Porto Alegre,SP
CUST000514,UNIQ000514,80821,Rio de Janeiro,DF
CUST000515,UNIQ000515,90476,Rio de Janeiro,PR
CUST000516,UNIQ000516,26659,Curitiba,BA
CUST000517,UNIQ000517,41117,Curitiba,RS
CUST000518,UNIQ000518,72671,Manaus,SP
CUST000519,UNIQ000519,30588,Brasília,PE
CUST000520,UNIQ000520,18706,Fortaleza,RJ
CUST000521,UNIQ000521,26473,Recife,RJ
CUST000522,UNIQ000522,23945,São Paulo,PE
CUST000523,UNIQ000523,50160,Manaus,RJ
CUST000524,UNIQ000524,45933,Rio de Janeiro,DF
CUST000525,UNIQ000525,50666,Belo Horizonte,DF
CUST000526,UNIQ000526,33943,Fortaleza,RJ
CUST000527,UNIQ000527,11915,Manaus,RJ
CUST000528,UNIQ000528,64717,Salvador,DF
CUST000529,UNIQ000529,13103,Belo Horizonte,BA
CUST000530,UNIQ000530,34737,Fortaleza,DF
CUST000531,UNIQ000531,14426,Belo Horizonte,RS
CUST000532,UNIQ000532,26668,Belo Horizonte,AM
CUST000533,UNIQ000533,60584,Salvador,DF
CUST000534,UNIQ000534,87945,Rio de Janeiro,RJ
CUST000535,UNIQ000535,14429,Belo Horizonte,CE
CUST000536,UNIQ000536,74222,Belo Horizonte,CE
CUST000537,UNIQ000537,10401,Fortaleza,AM
CUST000538,UNIQ000538,54373,Curitiba,PE
CUST000539,UNIQ000539,67174,Curitiba,MG
CUST000540,UNIQ000540,38194,Belo Horizonte,PR
CUST000541,UNIQ000541,76929,Curitiba,PR
CUST000542,UNIQ000542,45587,Manaus,PE
CUST000543,UNIQ000543,59028,Rio de Janeiro,RS
CUST000544,UNIQ000544,46199,Brasília,DF
CUST000545,UNIQ000545,33335,Recife,MG
CUST000546,UNIQ000546,87226,São Paulo,MG
CUST000547,UNIQ000547,41569,Recife,RS
CUST000548,UNIQ000548,49779,Salvador,PR
CUST000549,UNIQ000549,82533,Fortaleza,RS
CUST000550,UNIQ000550,52833,Belo Horizonte,CE
CUST000551,UNIQ000551,41181,Curitiba,BA
CUST000552,UNIQ000552,46475,Recife,SP
CUST000553,UNIQ000553,51471,Fortaleza,SP
CUST000554,UNIQ000554,36489,Belo Horizonte,RJ
CUST000555,UNIQ000555,72489,Fortaleza,AM
CUST000556,UNIQ000556,90589,Brasília,SP
CUST000557,UNIQ000557,67165,Salvador,RJ
CUST000558,UNIQ000558,27976,Manaus,PE
CUST000559,UNIQ000559,93551,Salvador,CE
CUST000560,UNIQ000560,34640,Porto Alegre,SP
CUST000561,UNIQ000561,27827,Curitiba,SP
CUST000562,UNIQ000562,16610,Porto Alegre,SP
CUST000563,UNIQ000563,71414,Curitiba,PR
CUST000564,UNIQ000564,93598,Fortaleza,SP
CUST000565,UNIQ000565,71631,Salvador,DF
CUST000566,UNIQ000566,43317,São Paulo,MG
CUST000567,UNIQ000567,66748,Fortaleza,AM
CUST000568,UNIQ000568,50107,Manaus,SP
CUST000569,UNIQ000569,80730,Porto Alegre,CE
CUST000570,UNIQ000570,86033,São Paulo,PR
CUST000571,UNIQ000571,51114,Porto Alegre,CE
CUST000572,UNIQ000572,95975,Manaus,DF
CUST000573,UNIQ000573,45085,Curitiba,MG
CUST000574,UNIQ000574,64980,Salvador,CE
CUST000575,UNIQ000575,84135,Recife,CE
CUST000576,UNIQ000576,70608,Manaus,RS
CUST000577,UNIQ000577,98466,Belo Horizonte,PR
CUST000578,UNIQ000578,80812,Rio de Janeiro,AM
CUST000579,UNIQ000579,43869,Belo Horizonte,BA
CUST000580,UNIQ000580,97505,Manaus,RJ
CUST000581,UNIQ000581,64764,Salvador,RS
CUST000582,UNIQ000582,28711,Belo Horizonte,DF
CUST000583,UNIQ000583,54483,Fortaleza,PE
CUST000584,UNIQ000584,63946,Belo Horizonte,RS
CUST000585,UNIQ000585,20241,Porto Alegre,AM
CUST000586,UNIQ000586,44807,Brasília,DF
CUST000587,UNIQ000587,52618,Porto Alegre,DF
CUST000588,UNIQ000588,74845,Curitiba,SP
CUST000589,UNIQ000589,55496,Rio de Janeiro,BA
CUST000590,UNIQ000590,23370,Manaus,BA
CUST000591,UNIQ000591,89028,Manaus,DF
CUST000592,UNIQ000592,30064,Rio de Janeiro,BA
CUST000593,UNIQ000593,46115,Fortaleza,BA
CUST000594,UNIQ000594,18493,Fortaleza,MG
CUST000595,UNIQ000595,91275,Belo Horizonte,RS
CUST000596,UNIQ000596,12635,Brasília,SP
CUST000597,UNIQ000597,19124,Curitiba,PR
CUST000598,UNIQ000598,11560,Curitiba,RS
CUST000599,UNIQ000599,74734,Rio de Janeiro,RS
CUST000600,UNIQ000600,11979,Brasília,PR
CUST000601,UNIQ000601,17521,Rio de Janeiro,RS
CUST000602,UNIQ000602,23753,Rio de Janeiro,RJ
CUST000603,UNIQ000603,20417,Porto Alegre,RS
CUST000604,UNIQ000604,62145,Rio de Janeiro,PE
CUST000605,UNIQ000605,66732,Manaus,PR
CUST000606,UNIQ000606,64952,São Paulo,SP
CUST000607,UNIQ000607,22499,Recife,AM
CUST000608,UNIQ000608,98252,Belo Horizonte,SP
CUST000609,UNIQ000609,32330,Belo Horizonte,RS
CUST000610,UNIQ000610,93394,Manaus,PR
CUST000611,UNIQ000611,57441,Recife,MG
CUST000612,UNIQ000612,20217,Rio de Janeiro,AM
CUST000613,UNIQ000613,27805,Rio de Janeiro,RS
CUST000614,UNIQ000614,31914,Recife,RJ
CUST000615,UNIQ000615,29015,Rio de Janeiro,SP
CUST000616,UNIQ000616,93914,Brasília,DF
CUST000617,UNIQ000617,33750,Recife,RJ
CUST000618,UNIQ000618,23026,Curitiba,CE
CUST000619,UNIQ000619,65223,Fortaleza,SP
CUST000620,UNIQ000620,97324,Curitiba,DF
CUST000621,UNIQ000621,96636,Rio de Janeiro,DF
CUST000622,UNIQ000622,25835,Rio de Janeiro,BA
CUST000623,UNIQ000623,28828,Manaus,DF
CUST000624,UNIQ000624,15208,São Paulo,PR
CUST000625,UNIQ000625,18687,Manaus,SP
CUST000626,UNIQ000626,74715,Porto Alegre,BA
CUST000627,UNIQ000627,22298,Brasília,AM
CUST000628,UNIQ000628,73735,Salvador,MG
CUST000629,UNIQ000629,65385,Salvador,RS
CUST000630,UNIQ000630,18901,Rio de Janeiro,RS
CUST000631,UNIQ000631,36710,Fortaleza,SP
CUST000632,UNIQ000632,61221,Curitiba,MG
CUST000633,UNIQ000633,79155,Belo Horizonte,PE
CUST000634,UNIQ000634,38955,Curitiba,PR
CUST000635,UNIQ000635,91356,Brasília,MG
CUST000636,UNIQ000636,85356,Brasília,PR
CUST000637,UNIQ000637,87315,Rio de Janeiro,CE
CUST000638,UNIQ000638,65499,Rio de Janeiro,BA
CUST000639,UNIQ000639,12592,Porto Alegre,AM
CUST000640,UNIQ000640,52076,Manaus,PE
CUST000641,UNIQ000641,49184,Recife,RS
CUST000642,UNIQ000642,11956,Brasília,PR
CUST000643,UNIQ000643,83682,Fortaleza,CE
CUST000644,UNIQ000644,28744,Brasília,PE
CUST000645,UNIQ000645,95859,Belo Horizonte,PR
CUST000646,UNIQ000646,16031,Brasília,MG
CUST000647,UNIQ000647,78395,Belo Horizonte,SP
CUST000648,UNIQ000648,67403,Curitiba,BA
CUST000649,UNIQ000649,24173,Recife,PR
CUST000650,UNIQ000650,32059,Porto Alegre,RJ
CUST000651,UNIQ000651,89035,Porto Alegre,AM
CUST000652,UNIQ000652,30688,Brasília,RS
CUST000653,UNIQ000653,95790,Curitiba,MG
CUST000654,UNIQ000654,12944,Salvador,RS
CUST000655,UNIQ000655,71966,Manaus,CE
CUST000656,UNIQ000656,38966,Manaus,AM
CUST000657,UNIQ000657,89712,Salvador,PE
CUST000658,UNIQ000658,20471,Rio de Janeiro,RJ
CUST000659,UNIQ000659,55008,Brasília,RJ
CUST000660,UNIQ000660,69815,Brasília,BA
CUST000661,UNIQ000661,14191,Fortaleza,RS
CUST000662,UNIQ000662,89122,Salvador,BA
CUST000663,UNIQ000663,54607,Fortaleza,PE
CUST000664,UNIQ000664,42935,Brasília,RJ
CUST000665,UNIQ000665,38530,São Paulo,RS
CUST000666,UNIQ000666,60254,Porto Alegre,DF
CUST000667,UNIQ000667,60878,São Paulo,RJ
CUST000668,UNIQ000668,25444,Brasília,AM
CUST000669,UNIQ000669,88287,Brasília,RJ
CUST000670,UNIQ000670,67150,Porto Alegre,AM
CUST000671,UNIQ000671,62613,Manaus,RJ
CUST000672,UNIQ000672,73918,Curitiba,RJ
CUST000673,UNIQ000673,46419,Belo Horizonte,RS
CUST000674,UNIQ000674,46601,Brasília,BA
CUST000675,UNIQ000675,76885,Rio de Janeiro,AM
CUST000676,UNIQ000676,15722,Rio de Janeiro,CE
CUST000677,UNIQ000677,14370,Fortaleza,MG
CUST000678,UNIQ000678,77559,Brasília,DF
CUST000679,UNIQ000679,32593,Salvador,PE
CUST000680,UNIQ000680,29893,Salvador,PR
CUST000681,UNIQ000681,35817,Recife,AM
CUST000682,UNIQ000682,70044,Belo Horizonte,SP
CUST000683,UNIQ000683,42162,Salvador,SP
CUST000684,UNIQ000684,22556,Manaus,DF
CUST000685,UNIQ000685,16589,Manaus,SP
CUST000686,UNIQ000686,74526,São Paulo,CE
CUST000687,UNIQ000687,15095,Fortaleza,AM
CUST000688,UNIQ000688,36743,Manaus,SP
CUST000689,UNIQ000689,44467,Manaus,AM
CUST000690,UNIQ000690,96155,Manaus,BA
CUST000691,UNIQ000691,48680,Fortaleza,RJ
CUST000692,UNIQ000692,77922,Belo Horizonte,MG
CUST000693,UNIQ000693,18398,Manaus,MG
CUST000694,UNIQ000694,70654,São Paulo,DF
CUST000695,UNIQ000695,72237,Fortaleza,PR
CUST000696,UNIQ000696,58378,Brasília,PE
CUST000697,UNIQ000697,83157,Brasília,MG
CUST000698,UNIQ000698,84618,Recife,PE
CUST000699,UNIQ000699,59237,Recife,CE
CUST000700,UNIQ000700,92504,Porto Alegre,RS
CUST000701,UNIQ000701,33426,Belo Horizonte,CE
CUST000702,UNIQ000702,39141,Porto Alegre,PE
CUST000703,UNIQ000703,81207,Salvador,MG
CUST000704,UNIQ000704,74697,Manaus,MG
CUST000705,UNIQ000705,51183,Brasília,AM
CUST000706,UNIQ000706,51451,São Paulo,RJ
CUST000707,UNIQ000707,74023,Curitiba,SP
CUST000708,UNIQ000708,66025,Recife,BA
CUST000709,UNIQ000709,54951,Fortaleza,RJ
CUST000710,UNIQ000710,70195,Porto Alegre,PE
CUST000711,UNIQ000711,76654,Recife,RS
CUST000712,UNIQ000712,12673,Fortaleza,PR
CUST000713,UNIQ000713,44945,Belo Horizonte,PR
CUST000714,UNIQ000714,60106,Belo Horizonte,MG
CUST000715,UNIQ000715,45344,Manaus,RS
CUST000716,UNIQ000716,77034,Belo Horizonte,AM
CUST000717,UNIQ000717,29468,Curitiba,RJ
CUST000718,UNIQ000718,12151,Brasília,SP
CUST000719,UNIQ000719,20246,Salvador,CE
CUST000720,UNIQ000720,39589,Salvador,PR
CUST000721,UNIQ000721,51109,Manaus,BA
CUST000722,UNIQ000722,63673,Salvador,RJ
CUST000723,UNIQ000723,19715,Salvador,AM
CUST000724,UNIQ000724,98154,Belo Horizonte,SP
CUST000725,UNIQ000725,22972,Salvador,RS
CUST000726,UNIQ000726,87321,São Paulo,SP
CUST000727,UNIQ000727,22142,Rio de Janeiro,RJ
CUST000728,UNIQ000728,74100,Recife,PE
CUST000729,UNIQ000729,55999,Salvador,SP
CUST000730,UNIQ000730,74602,Recife,RJ
CUST000731,UNIQ000731,67837,Curitiba,CE
CUST000732,UNIQ000732,45735,Curitiba,DF
CUST000733,UNIQ000733,16688,Salvador,BA
CUST000734,UNIQ000734,45406,Belo Horizonte,PR
CUST000735,UNIQ000735,78717,Belo Horizonte,PE
CUST000736,UNIQ000736,36626,Belo Horizonte,RS
CUST000737,UNIQ000737,44384,Belo Horizonte,BA
CUST000738,UNIQ000738,47814,São Paulo,PR
CUST000739,UNIQ000739,71084,Porto Alegre,BA
CUST000740,UNIQ000740,60897,Fortaleza,BA
CUST000741,UNIQ000741,73824,Curitiba,CE
CUST000742,UNIQ000742,66233,Curitiba,SP
CUST000743,UNIQ000743,48663,Curitiba,CE
CUST000744,UNIQ000744,23808,Recife,SP
CUST000745,UNIQ000745,66935,Belo Horizonte,BA
CUST000746,UNIQ000746,80405,Rio de Janeiro,MG
CUST000747,UNIQ000747,53428,Recife,DF
CUST000748,UNIQ000748,35201,Fortaleza,SP
CUST000749,UNIQ000749,43239,Salvador,DF
CUST000750,UNIQ000750,44165,Curitiba,RS
CUST000751,UNIQ000751,42941,Belo Horizonte,BA
CUST000752,UNIQ000752,21778,Brasília,PE
CUST000753,UNIQ000753,29280,Brasília,RS
CUST000754,UNIQ000754,46646,Salvador,CE
CUST000755,UNIQ000755,24039,Curitiba,RJ
CUST000756,UNIQ000756,61689,Salvador,RS
CUST000757,UNIQ000757,13562,Fortaleza,RS
CUST000758,UNIQ000758,33636,Rio de Janeiro,SP
CUST000759,UNIQ000759,16267,Belo Horizonte,PE
CUST000760,UNIQ000760,80571,Manaus,CE
CUST000761,UNIQ000761,52358,Salvador,CE
CUST000762,UNIQ000762,92870,Recife,RS
CUST000763,UNIQ000763,75915,Curitiba,PR
CUST000764,UNIQ000764,16154,Brasília,SP
CUST000765,UNIQ000765,53870,Salvador,CE
CUST000766,UNIQ000766,70626,Salvador,BA
CUST000767,UNIQ000767,34400,Rio de Janeiro,RS
CUST000768,UNIQ000768,25748,Rio de Janeiro,SP
CUST000769,UNIQ000769,85596,Recife,MG
CUST000770,UNIQ000770,63548,São Paulo,SP
CUST000771,UNIQ000771,96490,Curitiba,RS
CUST000772,UNIQ000772,58515,Brasília,BA
CUST000773,UNIQ000773,29350,Fortaleza,CE
CUST000774,UNIQ000774,32114,Curitiba,BA
CUST000775,UNIQ000775,16556,Curitiba,MG
CUST000776,UNIQ000776,32454,Fortaleza,DF
CUST000777,UNIQ000777,54754,Salvador,RS
CUST000778,UNIQ000778,65427,Manaus,BA
CUST000779,UNIQ000779,57115,Brasília,CE
CUST000780,UNIQ000780,33805,Brasília,BA
CUST000781,UNIQ000781,66359,Brasília,AM
CUST000782,UNIQ000782,13167,Belo Horizonte,MG
CUST000783,UNIQ000783,69196,Recife,PE
CUST000784,UNIQ000784,78642,Salvador,AM
CUST000785,UNIQ000785,85796,Manaus,BA
CUST000786,UNIQ000786,75601,Curitiba,DF
CUST000787,UNIQ000787,48624,Belo Horizonte,SP
CUST000788,UNIQ000788,41602,Brasília,MG
CUST000789,UNIQ000789,20393,Salvador,RS
CUST000790,UNIQ000790,50765,Curitiba,RJ
CUST000791,UNIQ000791,66611,Manaus,BA
CUST000792,UNIQ000792,71272,Curitiba,SP
CUST000793,UNIQ000793,10562,Porto Alegre,DF
CUST000794,UNIQ000794,59949,Curitiba,MG
CUST000795,UNIQ000795,30047,Brasília,BA
CUST000796,UNIQ000796,64385,Curitiba,RJ
CUST000797,UNIQ000797,17083,São Paulo,AM
CUST000798,UNIQ000798,40251,Brasília,MG
CUST000799,UNIQ000799,90426,Salvador,BA
