employee_id,first_name,last_name,department,job_title,hire_date,salary,age,gender,employment_type,years_tenure,performance_score,phone
EMP-1000,Stephen,Jackson,Marketing,SEO Specialist,2020-12-02,94193,40,Female,Full-time,5.1,1.9,(807) 326-1871
EMP-1001,Eric,Martin,Engineering,Engineering Manager,2017-11-25,83251,64,Male,Full-time,8.1,2.0,(558) 490-9224
EMP-1002,Karen,Garcia,HR,Recruiter,2014-05-31,66179,49,Male,Full-time,11.6,2.9,(563) 454-7328
EMP-1003,Ryan,Sanchez,Sales,Sales Manager,2016-10-10,69766,60,Female,Full-time,9.2,3.3,(895) 530-3280
EMP-1004,Betty,Taylor,Marketing,Marketing Manager,2022-06-07,71665,34,Non-binary,Part-time,3.6,3.2,(584) 647-2573
EMP-1005,Sarah,King,Customer Support,Support Team Lead,2021-04-20,85037,65,Non-binary,Full-time,4.7,2.9,(637) 677-7889
EMP-1006,Edward,Robinson,Engineering,DevOps Engineer,2010-08-05,86691,48,Female,Full-time,15.4,3.3,(582) 330-9900
EMP-1007,Donna,Brown,Legal,Legal Counsel,2019-01-14,82259,64,Male,Part-time,7.0,4.2,(730) 671-1890
EMP-1008,William,Brown,HR,HR Coordinator,2017-06-24,91956,60,Female,Full-time,8.5,4.5,(324) 958-9369
EMP-1009,Michael,Hall,Finance,Controller,2013-03-26,86901,57,Non-binary,Part-time,12.8,1.5,(891) 855-3535
EMP-1010,Kenneth,Green,HR,HR Coordinator,2020-11-16,70297,61,Male,Full-time,5.1,3.4,(323) 732-2587
EMP-1011,Ashley,Wilson,Sales,Regional Director,2010-07-21,63590,54,Female,Part-time,15.4,1.2,(324) 507-7628
EMP-1012,Kathleen,Lopez,Finance,Controller,2015-11-03,54291,61,Non-binary,Full-time,10.2,2.7,(851) 222-4027
EMP-1013,Christopher,Mitchell,Finance,Accountant,2021-06-22,35000,56,Male,Part-time,4.5,2.9,(496) 883-2638
EMP-1014,Amy,White,HR,HR Manager,2018-08-27,35000,28,Male,Full-time,7.3,2.1,(323) 777-7380
EMP-1015,Mary,Nguyen,HR,HR Coordinator,2024-06-20,85285,63,Non-binary,Contract,1.5,2.8,(563) 342-8666
EMP-1016,Gary,Moore,Engineering,Senior Engineer,2018-01-09,93248,54,Female,Contract,8.0,2.6,(264) 378-3480
EMP-1017,Dorothy,Adams,Operations,Supply Chain Analyst,2013-02-21,51730,39,Non-binary,Full-time,12.9,4.7,(269) 860-8925
EMP-1018,Ronald,Walker,Marketing,Brand Analyst,2021-05-16,62005,64,Female,Contract,4.6,4.8,(556) 798-7615
EMP-1019,David,Williams,Engineering,Senior Engineer,2015-03-14,72906,28,Non-binary,Full-time,10.8,3.0,(895) 687-6302
EMP-1020,Sandra,Roberts,Finance,Financial Analyst,2013-11-26,75953,46,Male,Full-time,12.1,3.4,(317) 238-2194
EMP-1021,Jacob,Carter,Operations,Facilities Coordinator,2024-02-28,48921,23,Male,Full-time,1.8,1.4,(660) 586-3182
EMP-1022,Betty,Gonzalez,HR,HR Manager,2019-10-25,71233,65,Male,Part-time,6.2,4.3,(396) 288-1397
EMP-1023,Richard,Wilson,Engineering,Senior Engineer,2010-02-12,91328,45,Female,Contract,15.9,3.2,(273) 548-4036
EMP-1024,Shirley,Young,Finance,Accountant,2022-10-17,51527,52,Non-binary,Full-time,3.2,4.2,(649) 637-7162
EMP-1025,Elizabeth,Torres,Sales,Account Executive,2021-08-08,74875,41,Male,Full-time,4.4,3.0,(252) 815-9856
EMP-1026,Brian,Johnson,Finance,Senior Accountant,2015-08-22,72286,46,Male,Full-time,10.4,1.3,(789) 447-9482
EMP-1027,Jonathan,Martin,Legal,Legal Assistant,2011-04-10,66022,56,Non-binary,Full-time,14.7,3.3,(469) 868-1491
EMP-1028,John,Perez,Legal,Compliance Officer,2014-07-01,81671,43,Male,Contract,11.5,4.3,(537) 975-2021
EMP-1029,Steven,Young,Sales,Sales Analyst,2023-09-07,69340,24,Female,Full-time,2.3,4.8,(812) 957-2320
EMP-1030,Kathleen,Rodriguez,HR,HR Coordinator,2012-05-02,57143,24,Female,Part-time,13.7,2.9,(433) 221-1906
EMP-1031,Patricia,Roberts,Finance,Controller,2023-08-22,75382,46,Non-binary,Full-time,2.4,3.2,(253) 596-7180
EMP-1032,Thomas,Ramirez,Legal,Legal Assistant,2013-02-02,35000,29,Female,Full-time,12.9,1.8,(647) 259-4902
EMP-1033,Sandra,Garcia,Engineering,Senior Engineer,2019-04-07,95265,56,Non-binary,Full-time,6.7,5.0,(215) 937-5094
EMP-1034,Linda,Jones,Engineering,Senior Engineer,2019-11-02,70585,33,Non-binary,Full-time,6.2,5.0,(332) 820-7517
EMP-1035,Kathleen,Nelson,Sales,Sales Associate,2011-09-18,96256,38,Non-binary,Full-time,14.3,3.0,(952) 565-4609
EMP-1036,Jacob,Rivera,HR,HR Business Partner,2022-05-15,87718,40,Female,Full-time,3.6,3.8,(715) 306-1884
EMP-1037,George,Clark,Customer Support,Support Team Lead,2011-10-05,61280,35,Male,Contract,14.2,1.9,(959) 766-4453
EMP-1038,Jessica,White,Marketing,Marketing Coordinator,2015-04-10,58827,50,Male,Full-time,10.7,3.0,(234) 476-5554
EMP-1039,Deborah,Martin,Sales,Sales Associate,2016-04-05,52767,61,Female,Part-time,9.7,1.1,(591) 593-8274
EMP-1040,Jennifer,Anderson,Finance,Finance Manager,2014-02-19,67565,64,Female,Full-time,11.9,3.2,(556) 226-6508
EMP-1041,Kimberly,Carter,Finance,Financial Analyst,2017-08-25,78437,61,Female,Part-time,8.4,4.1,(953) 970-1935
EMP-1042,Susan,Scott,Legal,Compliance Officer,2021-12-29,39630,51,Non-binary,Full-time,4.0,1.7,(590) 678-4903
EMP-1043,Thomas,Smith,HR,HR Business Partner,2011-12-02,93349,37,Non-binary,Full-time,14.1,2.4,(604) 239-5493
EMP-1044,Timothy,Moore,HR,Benefits Specialist,2010-04-12,62137,29,Female,Full-time,15.7,2.8,(217) 650-1145
EMP-1045,Cynthia,Williams,Operations,Supply Chain Analyst,2024-04-21,109437,57,Male,Part-time,1.7,1.2,(281) 483-6145
EMP-1046,David,Lewis,Marketing,SEO Specialist,2016-03-12,83871,38,Non-binary,Full-time,9.8,1.6,(832) 871-1812
EMP-1047,Sandra,Davis,Engineering,Senior Engineer,2025-05-08,65440,54,Female,Contract,0.6,2.3,(766) 934-4734
EMP-1048,Linda,Rivera,HR,HR Business Partner,2010-05-13,102326,65,Non-binary,Full-time,15.6,3.4,(558) 311-2269
EMP-1049,Jonathan,Lewis,Sales,Sales Analyst,2011-09-27,35000,37,Male,Full-time,14.3,3.3,(897) 625-2169
EMP-1050,Ryan,Jackson,Marketing,Marketing Coordinator,2017-04-29,80363,60,Female,Full-time,8.7,2.9,(501) 836-1510
EMP-1051,Charles,White,Engineering,Staff Engineer,2013-05-14,53064,59,Male,Full-time,12.6,3.4,(520) 723-9326
EMP-1052,George,Wilson,Legal,Legal Assistant,2010-09-25,71361,64,Non-binary,Full-time,15.3,4.8,(429) 778-9249
EMP-1053,Rebecca,Wright,Sales,Sales Analyst,2011-02-26,50782,60,Female,Contract,14.8,3.1,(524) 475-4195
EMP-1054,Donna,Thomas,Operations,Logistics Coordinator,2018-02-13,35070,36,Male,Full-time,7.9,2.8,(619) 570-2305
EMP-1055,Dorothy,Scott,Sales,Sales Manager,2024-08-27,86378,52,Non-binary,Full-time,1.3,2.8,(628) 435-3052
EMP-1056,Larry,Thomas,Legal,Legal Assistant,2024-12-08,39880,30,Female,Full-time,1.1,1.5,(618) 631-9274
EMP-1057,Christopher,Torres,Customer Support,Senior Support Agent,2014-01-13,47564,51,Male,Full-time,12.0,1.5,(469) 983-8698
EMP-1058,Richard,Rodriguez,Engineering,Engineering Manager,2010-07-16,88296,32,Non-binary,Part-time,15.5,4.6,(562) 330-7591
EMP-1059,Steven,Rivera,HR,HR Coordinator,2017-07-22,74158,43,Non-binary,Contract,8.4,3.5,(939) 246-2208
EMP-1060,Dorothy,Lewis,Legal,Contract Specialist,2019-10-10,76867,40,Non-binary,Full-time,6.2,3.9,(803) 721-2372
EMP-1061,Karen,Smith,Operations,Supply Chain Analyst,2018-07-05,36245,42,Female,Full-time,7.5,3.0,(802) 486-2587
EMP-1062,Sandra,Martin,Customer Support,Support Team Lead,2011-01-31,44675,58,Non-binary,Part-time,14.9,2.1,(593) 526-3923
EMP-1063,Christopher,Williams,Finance,Finance Manager,2021-08-23,71618,39,Non-binary,Contract,4.4,2.3,(555) 491-3713
EMP-1064,Jessica,Jackson,HR,HR Manager,2019-11-05,90502,36,Female,Contract,6.2,4.0,(437) 882-5565
EMP-1065,Christopher,Miller,Finance,Controller,2021-05-30,61394,32,Male,Contract,4.6,4.6,(752) 750-4197
EMP-1066,James,Young,Engineering,Staff Engineer,2014-07-23,105382,40,Non-binary,Part-time,11.4,3.1,(664) 502-2795
EMP-1067,Jessica,Lewis,Legal,Contract Specialist,2015-11-25,63368,27,Male,Full-time,10.1,3.9,(319) 562-2295
EMP-1068,Mark,Campbell,Sales,Sales Manager,2013-07-07,60961,54,Non-binary,Contract,12.5,3.7,(275) 923-6157
EMP-1069,John,Ramirez,Sales,Sales Analyst,2017-02-14,98624,34,Non-binary,Full-time,8.9,4.8,(842) 208-5029
EMP-1070,Sarah,Nguyen,Legal,Legal Counsel,2025-02-07,73626,34,Male,Part-time,0.9,2.1,(403) 850-2453
EMP-1071,Stephen,Campbell,Finance,Financial Analyst,2019-09-28,89261,26,Female,Contract,6.3,3.4,(927) 382-1635
EMP-1072,Rebecca,Hall,HR,Benefits Specialist,2018-07-13,44211,62,Female,Contract,7.5,3.6,(384) 507-4799
EMP-1073,Donna,Nelson,Customer Support,Support Manager,2024-02-18,57078,47,Non-binary,Full-time,1.9,3.2,(502) 298-4586
EMP-1074,Joseph,Carter,HR,HR Manager,2020-01-12,75430,42,Male,Part-time,6.0,4.8,(876) 316-6694
EMP-1075,Jason,Rivera,Marketing,Marketing Manager,2020-12-21,101292,60,Female,Full-time,5.0,1.1,(474) 719-4524
EMP-1076,Edward,Brown,Operations,Operations Manager,2025-02-20,36402,42,Female,Part-time,0.9,2.0,(255) 474-8954
EMP-1077,Mark,Perez,Engineering,Staff Engineer,2020-01-16,99079,48,Male,Contract,6.0,4.5,(748) 411-2807
EMP-1078,Brian,Rodriguez,Engineering,Software Engineer,2018-07-04,79278,27,Female,Contract,7.5,1.3,(250) 731-4448
EMP-1079,Timothy,Wright,Finance,Accountant,2022-01-06,52899,47,Non-binary,Full-time,4.0,2.2,(365) 582-6431
EMP-1080,Edward,Wilson,Finance,Financial Analyst,2010-10-23,75984,23,Non-binary,Part-time,15.2,4.2,(243) 360-5638
EMP-1081,Kenneth,Johnson,Finance,Accountant,2010-10-04,44444,39,Non-binary,Full-time,15.2,4.3,(586) 871-7565
EMP-1082,Thomas,Mitchell,HR,HR Coordinator,2011-09-19,36034,26,Non-binary,Part-time,14.3,1.1,(960) 754-3487
EMP-1083,Richard,Mitchell,Legal,Legal Counsel,2023-08-02,73896,41,Female,Part-time,2.4,3.0,(223) 509-5490
EMP-1084,Gary,Gonzalez,Sales,Sales Manager,2024-09-18,54590,58,Male,Full-time,1.3,4.9,(774) 485-8919
EMP-1085,Joshua,Hall,Finance,Finance Manager,2010-05-22,78708,53,Non-binary,Part-time,15.6,4.8,(981) 759-2774
EMP-1086,Laura,Anderson,Engineering,Engineering Manager,2015-03-17,53001,50,Non-binary,Full-time,10.8,2.3,(845) 285-2562
EMP-1087,Lisa,Wilson,Customer Support,Technical Support,2015-08-10,98479,27,Male,Part-time,10.4,3.5,(684) 735-4808
EMP-1088,Linda,Roberts,Customer Support,Support Team Lead,2019-03-28,72175,41,Male,Full-time,6.8,3.8,(813) 616-1091
EMP-1089,Andrew,Hall,Finance,Controller,2020-12-17,35000,56,Female,Full-time,5.0,4.8,(441) 529-8559
EMP-1090,Kathleen,Allen,Sales,Sales Associate,2019-07-20,45142,26,Male,Contract,6.5,4.0,(370) 402-8169
EMP-1091,Joseph,Williams,Legal,Contract Specialist,2013-10-30,104602,62,Non-binary,Part-time,12.2,1.6,(760) 628-7543
EMP-1092,Mary,Jackson,Sales,Regional Director,2016-08-07,72083,65,Female,Contract,9.4,3.6,(344) 497-9572
EMP-1093,Anthony,Flores,Operations,Facilities Coordinator,2023-07-24,96862,38,Female,Part-time,2.4,1.8,(538) 964-3217
EMP-1094,Lisa,King,Customer Support,Support Agent,2017-02-15,87127,48,Male,Full-time,8.9,3.8,(404) 910-2537
EMP-1095,Larry,Robinson,Operations,Operations Analyst,2011-05-16,100450,61,Female,Contract,14.6,1.6,(558) 851-4703
EMP-1096,George,Green,Engineering,Senior Engineer,2016-02-28,96641,40,Non-binary,Full-time,9.8,2.5,(985) 612-5173
EMP-1097,Brenda,Adams,Finance,Financial Analyst,2023-04-17,35000,31,Male,Full-time,2.7,2.1,(469) 777-2676
EMP-1098,Thomas,King,Legal,Compliance Officer,2022-11-29,35000,59,Non-binary,Contract,3.1,3.7,(684) 414-3754
EMP-1099,James,Anderson,Finance,Financial Analyst,2023-10-17,35110,31,Male,Full-time,2.2,2.9,(200) 531-2274
EMP-1100,Michael,Rodriguez,Customer Support,Support Manager,2024-11-29,61286,52,Male,Full-time,1.1,3.2,(586) 992-7316
EMP-1101,Nicholas,Thompson,HR,Benefits Specialist,2017-02-09,101063,55,Male,Contract,8.9,4.4,(370) 848-5550
EMP-1102,Christopher,Ramirez,Customer Support,Support Manager,2015-08-15,114033,65,Non-binary,Full-time,10.4,1.7,(574) 677-6668
EMP-1103,Ryan,Wilson,Finance,Finance Manager,2018-05-24,111765,33,Non-binary,Full-time,7.6,1.8,(569) 738-4193
EMP-1104,James,Nguyen,HR,HR Business Partner,2012-02-10,100514,45,Male,Contract,13.9,2.1,(862) 481-8843
EMP-1105,Jason,Williams,HR,HR Business Partner,2024-01-10,60085,25,Non-binary,Full-time,2.0,4.5,(682) 822-8446
EMP-1106,Eric,Lopez,Customer Support,Technical Support,2012-05-01,51495,24,Non-binary,Full-time,13.7,3.8,(381) 334-2356
EMP-1107,Rebecca,Davis,Engineering,Engineering Manager,2024-04-19,100178,25,Female,Full-time,1.7,4.4,(484) 398-1273
EMP-1108,Brian,Baker,Operations,Logistics Coordinator,2023-03-01,35000,45,Female,Part-time,2.8,4.4,(885) 262-2064
EMP-1109,Matthew,Carter,Marketing,SEO Specialist,2011-11-19,68912,33,Female,Full-time,14.1,2.1,(403) 905-9281
EMP-1110,Edward,Lopez,Engineering,Staff Engineer,2016-02-21,61489,57,Non-binary,Full-time,9.9,3.3,(674) 290-2904
EMP-1111,Barbara,Lopez,Sales,Account Executive,2017-02-13,93429,59,Non-binary,Full-time,8.9,4.1,(210) 422-7136
EMP-1112,Gary,Garcia,Finance,Senior Accountant,2025-04-09,121783,63,Non-binary,Full-time,0.7,2.2,(588) 922-5703
EMP-1113,Daniel,Moore,Marketing,Brand Analyst,2017-01-28,57375,48,Male,Full-time,8.9,2.1,(404) 381-5832
EMP-1114,Kimberly,Hall,Customer Support,Support Team Lead,2012-01-28,60414,53,Non-binary,Contract,13.9,2.8,(846) 903-3793
EMP-1115,John,Nguyen,Legal,Legal Counsel,2022-01-24,93767,58,Male,Part-time,3.9,2.4,(898) 495-4398
EMP-1116,Amanda,Hall,HR,HR Coordinator,2021-07-06,73552,35,Male,Full-time,4.5,3.1,(846) 390-8785
EMP-1117,Sarah,Robinson,Operations,Operations Manager,2022-08-24,103037,46,Non-binary,Contract,3.4,4.6,(530) 918-2713
EMP-1118,Dorothy,Smith,Marketing,Marketing Manager,2020-08-31,47025,43,Male,Full-time,5.3,2.2,(678) 759-4050
EMP-1119,Robert,Lewis,Customer Support,Technical Support,2022-12-02,121189,49,Non-binary,Part-time,3.1,2.9,(449) 458-7114
EMP-1120,Amanda,Walker,Legal,Compliance Officer,2010-11-25,79444,36,Non-binary,Full-time,15.1,2.7,(992) 475-7565
EMP-1121,Patricia,Hernandez,Marketing,SEO Specialist,2023-05-22,35000,55,Male,Contract,2.6,4.0,(333) 879-6458
EMP-1122,Michael,Garcia,HR,Recruiter,2017-10-06,52946,51,Non-binary,Full-time,8.2,1.8,(376) 508-6038
EMP-1123,William,Lopez,Finance,Accountant,2019-10-17,91888,27,Non-binary,Full-time,6.2,1.6,(768) 994-7131
EMP-1124,James,Walker,Marketing,SEO Specialist,2012-03-29,51193,52,Male,Part-time,13.8,3.7,(674) 923-4977
EMP-1125,Richard,Harris,Marketing,SEO Specialist,2012-12-29,67293,47,Female,Full-time,13.0,4.3,(947) 634-7452
EMP-1126,Larry,Jones,Operations,Supply Chain Analyst,2025-01-09,126315,59,Male,Full-time,1.0,2.5,(548) 713-1026
EMP-1127,Jason,Jones,Finance,Accountant,2021-03-19,83756,34,Male,Full-time,4.8,2.2,(295) 547-7292
EMP-1128,Nancy,Ramirez,Marketing,SEO Specialist,2016-12-23,62052,46,Female,Part-time,9.0,1.7,(607) 898-9476
EMP-1129,Susan,Robinson,Sales,Sales Manager,2025-05-22,49479,28,Non-binary,Part-time,0.6,4.2,(212) 364-6226
EMP-1130,Thomas,Torres,Legal,Contract Specialist,2010-04-05,53842,53,Female,Full-time,15.7,2.2,(464) 959-2899
EMP-1131,Laura,Allen,Operations,Supply Chain Analyst,2017-07-07,44359,56,Female,Full-time,8.5,4.1,(634) 744-7282
EMP-1132,William,Martinez,Engineering,Staff Engineer,2023-03-28,89794,38,Non-binary,Part-time,2.8,2.7,(675) 488-1652
EMP-1133,Jessica,Young,Customer Support,Support Team Lead,2011-02-15,118311,60,Non-binary,Full-time,14.9,2.0,(545) 891-5852
EMP-1134,Patricia,Wright,HR,Recruiter,2016-07-30,51408,44,Female,Full-time,9.4,3.4,(565) 949-1599
EMP-1135,Larry,Mitchell,Legal,Legal Counsel,2013-12-06,88543,27,Non-binary,Full-time,12.1,1.5,(348) 848-9084
EMP-1136,Sharon,Moore,Operations,Supply Chain Analyst,2023-11-05,122182,37,Non-binary,Contract,2.2,3.3,(241) 278-6350
EMP-1137,Melissa,Williams,Marketing,Brand Analyst,2024-04-21,48587,28,Female,Contract,1.7,4.9,(280) 545-5947
EMP-1138,Ryan,Sanchez,Engineering,Senior Engineer,2015-10-06,74533,63,Female,Full-time,10.2,4.2,(784) 467-5967
EMP-1139,Angela,Wright,Finance,Financial Analyst,2018-05-24,64849,58,Female,Full-time,7.6,4.0,(647) 481-4042
EMP-1140,Emily,Allen,Engineering,DevOps Engineer,2018-12-10,66303,33,Female,Full-time,7.1,1.1,(624) 872-3126
EMP-1141,Emily,Moore,Customer Support,Technical Support,2024-03-28,57046,42,Male,Full-time,1.8,1.9,(926) 532-4621
EMP-1142,David,Flores,HR,Benefits Specialist,2020-05-01,45458,59,Non-binary,Part-time,5.7,2.9,(771) 212-6618
EMP-1143,Amanda,Lee,Operations,Supply Chain Analyst,2013-05-28,91057,51,Non-binary,Part-time,12.6,1.8,(914) 374-7390
EMP-1144,Paul,Sanchez,Engineering,DevOps Engineer,2011-10-06,35000,62,Male,Full-time,14.2,4.0,(742) 578-5981
EMP-1145,Donna,Carter,Operations,Supply Chain Analyst,2025-02-16,81118,51,Male,Full-time,0.9,3.5,(370) 839-6761
EMP-1146,Sharon,Clark,Engineering,Staff Engineer,2022-06-25,99199,53,Non-binary,Full-time,3.5,2.5,(326) 299-7483
EMP-1147,Margaret,Wilson,Sales,Sales Analyst,2016-06-28,73429,33,Male,Part-time,9.5,3.2,(560) 969-4567
EMP-1148,Rebecca,Hill,HR,HR Business Partner,2018-02-23,115936,62,Non-binary,Full-time,7.9,3.0,(745) 601-4688
EMP-1149,Stephanie,Young,Customer Support,Support Team Lead,2020-01-30,107017,32,Male,Part-time,5.9,2.2,(745) 542-8602
EMP-1150,Daniel,Baker,Sales,Regional Director,2023-01-05,52347,63,Male,Full-time,3.0,3.5,(341) 824-9247
EMP-1151,William,Hill,Legal,Paralegal,2017-04-16,87808,61,Male,Full-time,8.7,3.3,(683) 900-2490
EMP-1152,Melissa,Johnson,Legal,Legal Assistant,2021-06-20,83741,34,Female,Full-time,4.5,1.7,(929) 404-6287
EMP-1153,Thomas,Jackson,Sales,Sales Associate,2014-08-23,63017,58,Female,Part-time,11.4,2.0,(817) 654-4963
EMP-1154,Daniel,Robinson,Sales,Sales Analyst,2017-06-06,76291,32,Male,Full-time,8.6,4.0,(898) 893-7657
EMP-1155,Stephen,Walker,Legal,Paralegal,2019-05-10,114984,38,Non-binary,Contract,6.6,1.5,(995) 821-9751
EMP-1156,Patricia,Lewis,Customer Support,Support Agent,2016-07-27,93981,47,Male,Full-time,9.4,2.6,(723) 844-8209
EMP-1157,Ryan,Davis,Sales,Account Executive,2015-11-21,39586,59,Male,Full-time,10.1,2.5,(872) 547-3325
EMP-1158,Ashley,Walker,Finance,Senior Accountant,2012-03-06,68845,43,Non-binary,Part-time,13.8,4.0,(975) 466-6610
EMP-1159,Donna,Hall,Customer Support,Support Team Lead,2020-02-07,67364,38,Non-binary,Full-time,5.9,3.4,(979) 343-3425
EMP-1160,Stephen,Jackson,Engineering,Senior Engineer,2018-04-27,61506,58,Non-binary,Full-time,7.7,3.3,(512) 686-8206
EMP-1161,Donna,Martinez,Marketing,Content Strategist,2023-08-17,90754,40,Female,Full-time,2.4,3.5,(228) 416-5963
EMP-1162,Christopher,Nguyen,Engineering,Staff Engineer,2018-03-03,72623,54,Female,Part-time,7.8,3.5,(374) 552-3553
EMP-1163,Jonathan,Lee,Operations,Supply Chain Analyst,2020-11-19,35000,63,Male,Contract,5.1,2.9,(695) 588-1233
EMP-1164,David,Perez,Finance,Senior Accountant,2014-08-19,95113,36,Non-binary,Full-time,11.4,3.6,(565) 710-8525
EMP-1165,Mary,Mitchell,Finance,Accountant,2018-02-26,102715,64,Male,Part-time,7.8,3.5,(537) 719-2100
EMP-1166,Andrew,Scott,Sales,Sales Associate,2020-01-07,56465,58,Non-binary,Full-time,6.0,3.8,(866) 450-4741
EMP-1167,Gary,Lopez,Engineering,DevOps Engineer,2015-12-18,72309,57,Female,Full-time,10.0,4.0,(950) 265-3171
EMP-1168,Stephen,Martin,Engineering,Senior Engineer,2015-02-08,46678,37,Female,Full-time,10.9,3.1,(252) 526-2196
EMP-1169,Betty,Walker,Sales,Regional Director,2011-11-15,58087,52,Male,Full-time,14.1,3.2,(420) 812-8982
EMP-1170,Kenneth,Torres,Engineering,DevOps Engineer,2019-08-22,69932,29,Non-binary,Full-time,6.4,3.4,(850) 829-8475
EMP-1171,James,Taylor,Legal,Legal Assistant,2016-01-27,48448,53,Non-binary,Full-time,9.9,2.3,(694) 726-5649
EMP-1172,Kenneth,Taylor,Finance,Senior Accountant,2016-03-05,55086,65,Female,Full-time,9.8,4.9,(386) 699-1106
EMP-1173,Kevin,Allen,Customer Support,Support Manager,2013-08-29,66932,33,Male,Part-time,12.3,3.7,(296) 653-6610
EMP-1174,Larry,Lopez,Finance,Financial Analyst,2015-03-14,67494,35,Non-binary,Part-time,10.8,1.4,(507) 824-4445
EMP-1175,Karen,Lee,Marketing,Content Strategist,2018-11-20,94979,32,Male,Contract,7.1,3.7,(533) 728-8762
EMP-1176,Rebecca,Roberts,HR,Recruiter,2015-11-24,118434,52,Female,Full-time,10.1,2.2,(944) 562-6166
EMP-1177,Laura,Martin,Legal,Legal Assistant,2018-10-29,55987,48,Male,Part-time,7.2,1.2,(618) 562-3292
EMP-1178,Gary,Roberts,HR,HR Coordinator,2014-07-15,64910,35,Female,Full-time,11.5,2.3,(591) 533-4267
EMP-1179,Margaret,Flores,Customer Support,Support Team Lead,2012-05-25,58638,26,Male,Full-time,13.6,2.3,(691) 938-8698
EMP-1180,Jennifer,Roberts,Legal,Contract Specialist,2015-08-09,108095,39,Male,Full-time,10.4,1.2,(550) 482-9812
EMP-1181,Melissa,Lewis,HR,HR Coordinator,2020-08-01,72276,30,Non-binary,Full-time,5.4,2.3,(993) 950-7779
EMP-1182,Karen,Martinez,HR,Benefits Specialist,2014-06-27,90958,57,Non-binary,Contract,11.5,4.1,(466) 770-9700
EMP-1183,Donna,Hall,Engineering,Senior Engineer,2011-07-12,84849,42,Female,Part-time,14.5,4.0,(419) 388-6263
EMP-1184,Cynthia,Anderson,Customer Support,Support Team Lead,2017-06-21,57874,34,Female,Contract,8.5,4.0,(223) 343-2952
EMP-1185,Edward,Ramirez,Legal,Contract Specialist,2011-01-29,39947,55,Male,Contract,14.9,2.5,(779) 647-1525
EMP-1186,Jonathan,Lee,Customer Support,Support Team Lead,2022-11-22,47958,43,Non-binary,Full-time,3.1,4.9,(999) 315-9712
EMP-1187,Charles,Allen,Sales,Sales Analyst,2020-07-04,44569,61,Non-binary,Full-time,5.5,4.0,(985) 900-8060
EMP-1188,Emily,Robinson,Customer Support,Senior Support Agent,2024-08-03,107383,43,Female,Part-time,1.4,3.1,(909) 957-8084
EMP-1189,Robert,Sanchez,HR,HR Coordinator,2023-12-28,90997,46,Male,Full-time,2.0,1.9,(637) 354-5241
EMP-1190,Mark,Nguyen,Operations,Facilities Coordinator,2020-04-07,53277,63,Non-binary,Full-time,5.7,4.6,(932) 790-3500
EMP-1191,Matthew,Roberts,Marketing,Content Strategist,2016-12-02,38056,33,Male,Full-time,9.1,3.1,(240) 998-3086
EMP-1192,Brenda,Thompson,Sales,Sales Manager,2017-01-27,65846,36,Male,Part-time,8.9,5.0,(438) 422-6821
EMP-1193,Patricia,Rodriguez,Customer Support,Support Agent,2018-05-31,60936,23,Female,Full-time,7.6,2.5,(657) 649-7540
EMP-1194,Betty,Wilson,Legal,Legal Assistant,2012-10-18,104167,27,Non-binary,Contract,13.2,1.5,(974) 414-2971
EMP-1195,Eric,Mitchell,Operations,Operations Manager,2019-04-24,69292,34,Male,Full-time,6.7,4.2,(568) 689-5182
EMP-1196,Angela,Davis,Customer Support,Support Agent,2010-03-01,83326,46,Male,Full-time,15.8,2.4,(517) 266-8113
EMP-1197,Kenneth,Anderson,Sales,Regional Director,2020-07-28,51128,23,Female,Full-time,5.4,1.2,(454) 381-1151
EMP-1198,Thomas,King,Marketing,Content Strategist,2020-07-15,116734,24,Non-binary,Full-time,5.5,2.5,(624) 361-7868
EMP-1199,Daniel,Lopez,Marketing,Content Strategist,2018-03-10,91883,29,Male,Full-time,7.8,3.0,(513) 613-7114
EMP-1200,Kimberly,Flores,Operations,Operations Analyst,2010-07-31,102741,43,Non-binary,Full-time,15.4,4.7,(247) 752-7177
EMP-1201,Shirley,Hernandez,Marketing,Marketing Coordinator,2010-05-03,80021,44,Male,Full-time,15.7,2.7,(267) 315-8793
EMP-1202,Cynthia,Clark,Customer Support,Senior Support Agent,2023-07-13,103432,62,Female,Full-time,2.5,2.3,(752) 574-2579
EMP-1203,Kathleen,Young,Finance,Accountant,2014-12-02,75129,54,Male,Full-time,11.1,1.9,(284) 961-2553
EMP-1204,Stephanie,Jackson,Sales,Account Executive,2015-01-28,89650,38,Female,Part-time,10.9,3.7,(732) 729-5370
EMP-1205,Thomas,Lee,Legal,Compliance Officer,2024-10-30,108639,31,Non-binary,Full-time,1.2,4.0,(594) 847-1786
EMP-1206,Betty,Lopez,Engineering,Senior Engineer,2024-03-26,84417,24,Female,Full-time,1.8,1.0,(692) 695-6634
EMP-1207,Matthew,Green,Legal,Contract Specialist,2014-10-26,59163,51,Non-binary,Full-time,11.2,3.2,(320) 962-5576
EMP-1208,Angela,Perez,Operations,Logistics Coordinator,2015-09-23,85129,43,Non-binary,Part-time,10.3,3.7,(884) 550-9504
EMP-1209,Kimberly,Jones,Operations,Supply Chain Analyst,2024-05-28,47933,23,Non-binary,Full-time,1.6,1.4,(668) 313-2970
EMP-1210,Donna,Rodriguez,Operations,Operations Manager,2020-02-25,35000,49,Non-binary,Full-time,5.8,2.6,(723) 399-3321
EMP-1211,Mark,Roberts,Engineering,Senior Engineer,2017-12-09,55536,55,Non-binary,Full-time,8.1,3.3,(743) 737-1769
EMP-1212,Larry,White,Finance,Controller,2013-09-28,95483,45,Non-binary,Contract,12.3,1.9,(969) 933-3491
EMP-1213,Brenda,Flores,Legal,Legal Counsel,2016-03-30,106722,25,Female,Full-time,9.8,2.6,(734) 631-8807
EMP-1214,Cynthia,Lee,Marketing,SEO Specialist,2010-01-03,74734,26,Female,Full-time,16.0,4.7,(827) 808-2094
EMP-1215,Linda,Carter,Legal,Legal Counsel,2013-03-23,106846,52,Male,Full-time,12.8,2.6,(363) 861-7865
EMP-1216,Jason,Nguyen,Finance,Accountant,2017-11-10,84048,26,Male,Part-time,8.1,1.5,(957) 799-3487
EMP-1217,Anthony,Lewis,Marketing,SEO Specialist,2017-05-06,135326,22,Non-binary,Full-time,8.7,3.1,(736) 305-8718
EMP-1218,Sandra,Nelson,Customer Support,Support Team Lead,2012-10-19,73775,56,Male,Full-time,13.2,4.5,(241) 590-5185
EMP-1219,Joseph,Green,Customer Support,Support Manager,2023-02-14,47509,32,Non-binary,Part-time,2.9,4.0,(430) 735-2688
EMP-1220,Barbara,Campbell,Operations,Logistics Coordinator,2024-11-29,108303,53,Female,Full-time,1.1,3.6,(988) 486-5519
EMP-1221,Paul,Green,Operations,Supply Chain Analyst,2024-12-16,35000,38,Female,Full-time,1.0,1.1,(930) 697-4977
EMP-1222,Amy,Anderson,Legal,Compliance Officer,2012-05-01,35000,53,Female,Contract,13.7,3.1,(883) 591-1689
EMP-1223,Susan,Nguyen,Sales,Sales Analyst,2012-02-17,57272,29,Male,Full-time,13.9,3.3,(926) 818-7911
EMP-1224,Jason,Rivera,Engineering,Staff Engineer,2024-07-06,94548,50,Non-binary,Full-time,1.5,4.8,(843) 962-8074
EMP-1225,Patricia,Wilson,Marketing,Marketing Coordinator,2024-02-22,48873,43,Male,Full-time,1.9,4.7,(229) 946-8481
EMP-1226,Paul,Thompson,Operations,Operations Manager,2015-07-31,67621,39,Female,Full-time,10.4,4.1,(364) 414-9966
EMP-1227,Carol,Mitchell,Legal,Compliance Officer,2013-11-10,77604,53,Male,Full-time,12.1,2.4,(751) 957-4728
EMP-1228,Kevin,Martin,Sales,Sales Associate,2024-05-05,63709,47,Male,Part-time,1.7,1.8,(924) 697-6744
EMP-1229,Amanda,Lewis,Operations,Logistics Coordinator,2013-10-12,102055,42,Male,Full-time,12.2,1.8,(517) 718-5853
EMP-1230,Larry,Lopez,Legal,Legal Assistant,2011-09-15,107836,34,Non-binary,Part-time,14.3,4.4,(349) 933-6573
EMP-1231,Larry,Thompson,Legal,Legal Counsel,2018-08-22,96825,28,Non-binary,Full-time,7.4,3.5,(284) 531-4683
EMP-1232,Jacob,Williams,Finance,Controller,2013-06-23,80772,64,Male,Full-time,12.5,2.0,(431) 650-4538
EMP-1233,Christopher,Smith,HR,Recruiter,2010-06-20,74734,61,Female,Part-time,15.5,2.7,(764) 781-4149
EMP-1234,Edward,Lopez,Legal,Legal Assistant,2018-09-07,55988,38,Female,Part-time,7.3,2.5,(440) 527-9853
EMP-1235,Dorothy,Jones,Marketing,SEO Specialist,2015-07-16,35000,56,Non-binary,Full-time,10.5,1.4,(719) 925-8794
EMP-1236,Larry,Lee,Sales,Sales Analyst,2015-02-10,67718,44,Non-binary,Full-time,10.9,2.9,(788) 254-8540
EMP-1237,Jacob,Young,Legal,Paralegal,2013-11-04,39766,23,Non-binary,Part-time,12.2,3.2,(258) 555-8809
EMP-1238,Christopher,Jones,Operations,Operations Analyst,2016-03-11,74327,58,Male,Contract,9.8,3.0,(921) 982-3184
EMP-1239,Jason,Wilson,Customer Support,Support Team Lead,2022-01-28,128246,65,Female,Full-time,3.9,1.9,(720) 616-3363
EMP-1240,Brenda,Baker,Operations,Operations Analyst,2023-09-03,69447,25,Male,Full-time,2.3,3.5,(742) 623-3641
EMP-1241,Matthew,Thomas,Marketing,Content Strategist,2010-08-30,52113,63,Female,Full-time,15.3,2.3,(296) 613-7347
EMP-1242,Edward,Harris,Customer Support,Senior Support Agent,2017-09-13,94297,33,Non-binary,Part-time,8.3,4.5,(711) 292-4023
EMP-1243,Kimberly,Sanchez,Finance,Accountant,2017-11-17,88268,63,Non-binary,Full-time,8.1,2.4,(969) 296-9583
EMP-1244,Paul,Johnson,Engineering,DevOps Engineer,2011-04-30,64386,65,Non-binary,Full-time,14.7,1.0,(593) 513-1453
EMP-1245,Melissa,Jones,Marketing,Content Strategist,2024-04-11,85864,61,Female,Full-time,1.7,3.1,(553) 299-3534
EMP-1246,Melissa,Torres,Marketing,Marketing Manager,2013-12-25,102439,54,Male,Contract,12.0,1.2,(750) 323-6106
EMP-1247,Donna,Miller,Operations,Logistics Coordinator,2023-03-28,112198,55,Male,Full-time,2.8,3.0,(817) 358-6527
EMP-1248,Gary,Nelson,Legal,Contract Specialist,2012-08-11,53596,64,Female,Full-time,13.4,2.0,(702) 392-7623
EMP-1249,Jennifer,Thompson,Engineering,Engineering Manager,2024-10-17,67376,59,Male,Contract,1.2,1.4,(870) 528-9639
EMP-1250,Larry,King,Legal,Legal Assistant,2024-06-05,72259,34,Male,Full-time,1.6,4.8,(636) 613-8129
EMP-1251,Ronald,Garcia,Customer Support,Support Agent,2021-01-07,88208,28,Female,Contract,5.0,2.9,(598) 513-9152
EMP-1252,Joshua,Roberts,Engineering,DevOps Engineer,2010-12-08,95229,34,Non-binary,Contract,15.1,3.2,(856) 521-1785
EMP-1253,Larry,Johnson,Engineering,Staff Engineer,2018-08-20,67972,34,Female,Contract,7.4,1.2,(900) 644-9329
EMP-1254,Shirley,Lopez,Operations,Operations Analyst,2014-10-24,59550,28,Male,Full-time,11.2,1.3,(408) 707-4387
EMP-1255,Mary,Williams,Legal,Legal Counsel,2012-08-10,79254,40,Male,Full-time,13.4,3.6,(538) 381-7388
EMP-1256,Sandra,White,Legal,Paralegal,2013-07-01,46637,31,Female,Part-time,12.5,3.7,(927) 841-6074
EMP-1257,Anthony,Adams,HR,HR Manager,2010-03-25,54731,48,Female,Part-time,15.8,2.1,(394) 997-8998
EMP-1258,Paul,Hill,Engineering,Engineering Manager,2010-12-09,101368,50,Male,Full-time,15.1,1.5,(700) 268-4004
EMP-1259,Larry,Lee,Marketing,SEO Specialist,2025-04-09,102689,47,Female,Contract,0.7,2.1,(783) 467-2777
EMP-1260,Jessica,Sanchez,Finance,Financial Analyst,2022-06-11,84194,53,Male,Part-time,3.6,2.9,(314) 434-1623
EMP-1261,Deborah,Lopez,Sales,Sales Associate,2015-06-04,103781,49,Non-binary,Full-time,10.6,2.8,(346) 652-1672
EMP-1262,Jonathan,Roberts,Finance,Accountant,2017-02-17,35000,24,Female,Full-time,8.9,4.7,(558) 673-4287
EMP-1263,Linda,Sanchez,Legal,Legal Counsel,2016-07-18,49482,54,Male,Full-time,9.5,1.7,(399) 543-8190
EMP-1264,Patricia,Lewis,Sales,Account Executive,2023-06-30,71513,55,Non-binary,Full-time,2.5,1.2,(901) 266-7716
EMP-1265,Stephen,Wright,Engineering,DevOps Engineer,2013-10-23,89402,42,Female,Full-time,12.2,1.6,(306) 900-4828
EMP-1266,James,Harris,Engineering,DevOps Engineer,2011-04-24,76479,46,Male,Full-time,14.7,3.3,(275) 220-8805
EMP-1267,Deborah,Jackson,Legal,Contract Specialist,2015-05-01,62466,65,Female,Contract,10.7,2.0,(851) 665-8850
EMP-1268,Karen,Robinson,Operations,Logistics Coordinator,2013-03-28,64920,40,Female,Full-time,12.8,4.5,(576) 957-1343
EMP-1269,Sharon,Martin,Marketing,Marketing Coordinator,2020-04-25,63258,48,Non-binary,Contract,5.7,4.4,(611) 328-6782
EMP-1270,Anthony,Sanchez,Legal,Contract Specialist,2020-05-01,51732,50,Female,Full-time,5.7,2.3,(608) 336-9682
EMP-1271,Anthony,Thomas,Finance,Accountant,2022-10-01,83560,34,Non-binary,Contract,3.2,2.5,(674) 761-7688
EMP-1272,Melissa,Adams,HR,Recruiter,2018-10-24,44267,31,Female,Full-time,7.2,4.6,(993) 838-7752
EMP-1273,Michael,Gonzalez,Finance,Senior Accountant,2022-05-17,80816,32,Non-binary,Part-time,3.6,4.7,(642) 384-8257
EMP-1274,Patricia,Hall,Finance,Finance Manager,2022-09-23,108613,64,Non-binary,Contract,3.3,4.1,(856) 611-4240
EMP-1275,Karen,Clark,Operations,Supply Chain Analyst,2015-07-06,138330,30,Female,Full-time,10.5,3.4,(981) 827-9693
EMP-1276,John,Baker,Sales,Sales Associate,2011-12-04,124705,23,Male,Full-time,14.1,4.4,(520) 565-4326
EMP-1277,Karen,Wilson,HR,HR Coordinator,2018-02-21,77710,61,Female,Contract,7.9,4.6,(657) 686-6547
EMP-1278,Daniel,Jackson,HR,HR Coordinator,2022-08-08,86658,32,Female,Full-time,3.4,3.1,(833) 619-3593
EMP-1279,Nicholas,Hall,HR,Recruiter,2012-07-17,66621,64,Male,Part-time,13.5,1.4,(240) 338-7241
EMP-1280,Nicholas,Harris,Customer Support,Senior Support Agent,2010-06-13,57508,59,Female,Contract,15.6,3.3,(658) 220-9057
EMP-1281,George,Perez,Sales,Sales Manager,2011-07-19,35000,33,Male,Contract,14.5,2.2,(603) 353-2818
EMP-1282,Betty,Green,Operations,Operations Manager,2011-11-12,39223,44,Male,Contract,14.1,4.6,(627) 373-6983
EMP-1283,Paul,Gonzalez,HR,Benefits Specialist,2010-07-12,48028,53,Female,Full-time,15.5,1.2,(444) 917-6023
EMP-1284,Kimberly,Lewis,Legal,Compliance Officer,2010-11-28,74999,39,Female,Full-time,15.1,2.3,(232) 333-1174
EMP-1285,Robert,Martin,Legal,Legal Counsel,2020-07-18,35000,46,Female,Full-time,5.5,3.8,(476) 913-7146
EMP-1286,Brian,White,Legal,Contract Specialist,2017-09-03,112304,30,Non-binary,Full-time,8.3,3.0,(473) 285-8370
EMP-1287,William,Nelson,Operations,Facilities Coordinator,2012-07-18,61013,23,Male,Full-time,13.5,2.0,(381) 582-2064
EMP-1288,Karen,Torres,Finance,Financial Analyst,2011-09-10,68134,22,Female,Contract,14.3,1.3,(796) 841-8549
EMP-1289,Brian,Nelson,Sales,Sales Analyst,2012-09-26,35000,25,Non-binary,Full-time,13.3,1.8,(963) 283-4040
EMP-1290,Barbara,Rivera,Sales,Sales Associate,2019-09-17,75850,65,Male,Part-time,6.3,2.3,(742) 397-8799
EMP-1291,Betty,Rivera,Customer Support,Technical Support,2014-03-05,82962,52,Female,Contract,11.8,4.5,(262) 653-4029
EMP-1292,Jonathan,Smith,Sales,Account Executive,2014-06-08,94320,38,Male,Full-time,11.6,3.8,(277) 392-4064
EMP-1293,Carol,Carter,Finance,Accountant,2018-11-08,99553,62,Non-binary,Full-time,7.1,3.4,(718) 855-5676
EMP-1294,Margaret,Ramirez,HR,HR Business Partner,2015-05-27,127537,55,Non-binary,Full-time,10.6,2.1,(365) 266-2009
EMP-1295,David,Young,Operations,Operations Analyst,2023-11-26,77307,49,Male,Part-time,2.1,1.0,(962) 890-2445
EMP-1296,Kevin,Nguyen,Operations,Facilities Coordinator,2025-03-18,38456,26,Female,Part-time,0.8,2.4,(691) 579-9187
EMP-1297,Kenneth,Carter,Customer Support,Support Team Lead,2022-03-31,58027,34,Male,Contract,3.8,1.7,(907) 561-7713
EMP-1298,Cynthia,Robinson,Operations,Supply Chain Analyst,2020-05-26,61780,51,Female,Part-time,5.6,4.8,(342) 524-7249
EMP-1299,Karen,Sanchez,Operations,Operations Analyst,2019-09-29,79097,64,Male,Full-time,6.3,3.4,(388) 422-2553
EMP-1300,Robert,Sanchez,Customer Support,Senior Support Agent,2016-01-29,84453,43,Male,Full-time,9.9,4.3,(762) 484-4731
EMP-1301,Matthew,Young,Customer Support,Support Manager,2019-10-05,102756,32,Female,Full-time,6.2,2.4,(308) 268-6296
EMP-1302,Kathleen,Hill,HR,Recruiter,2015-04-11,117278,55,Female,Part-time,10.7,1.1,(515) 846-3598
EMP-1303,Amanda,Green,HR,Benefits Specialist,2019-08-16,59278,61,Male,Contract,6.4,1.5,(488) 549-7117
EMP-1304,Thomas,White,Customer Support,Support Agent,2010-05-26,62135,50,Female,Full-time,15.6,4.6,(520) 849-8801
EMP-1305,Emily,Scott,Operations,Facilities Coordinator,2017-06-05,88698,34,Male,Full-time,8.6,4.1,(786) 434-4883
EMP-1306,Ashley,Young,Customer Support,Support Agent,2017-01-11,93021,54,Male,Contract,9.0,2.3,(741) 702-8580
EMP-1307,Andrew,Jones,Customer Support,Support Manager,2014-05-02,58232,39,Non-binary,Full-time,11.7,2.5,(996) 260-8761
EMP-1308,Ashley,Anderson,Engineering,Staff Engineer,2017-12-27,61032,61,Female,Full-time,8.0,2.9,(521) 819-9786
EMP-1309,Betty,Adams,Finance,Controller,2023-07-28,76537,29,Female,Full-time,2.4,3.9,(399) 736-9259
EMP-1310,Joshua,Thomas,Legal,Contract Specialist,2010-03-31,74038,41,Male,Full-time,15.8,3.6,(980) 631-2289
EMP-1311,Melissa,Robinson,Marketing,Marketing Manager,2024-01-15,88911,46,Non-binary,Full-time,2.0,3.4,(976) 521-2765
EMP-1312,Emily,Robinson,HR,Recruiter,2023-08-09,67801,51,Female,Full-time,2.4,1.5,(534) 765-8816
EMP-1313,Melissa,Martinez,Operations,Supply Chain Analyst,2022-05-04,107434,23,Non-binary,Part-time,3.7,3.6,(605) 382-6351
EMP-1314,John,Adams,HR,HR Business Partner,2022-09-08,104022,58,Non-binary,Full-time,3.3,3.0,(269) 343-3483
EMP-1315,Susan,King,Marketing,Content Strategist,2012-01-23,82332,45,Female,Full-time,13.9,1.3,(551) 968-2139
EMP-1316,Amy,Sanchez,Engineering,DevOps Engineer,2019-05-04,84512,63,Non-binary,Full-time,6.7,4.3,(659) 362-2888
EMP-1317,Kimberly,Anderson,Finance,Financial Analyst,2024-06-17,37689,65,Non-binary,Full-time,1.5,1.2,(914) 430-8842
EMP-1318,Jennifer,Williams,Finance,Accountant,2013-06-04,52920,30,Non-binary,Part-time,12.6,1.1,(983) 496-9064
EMP-1319,Patricia,Nelson,Legal,Legal Assistant,2011-07-11,74919,24,Male,Contract,14.5,1.1,(435) 796-9052
EMP-1320,James,Thompson,Sales,Sales Analyst,2018-04-04,87034,54,Male,Full-time,7.7,3.1,(842) 962-5610
EMP-1321,Andrew,Scott,Operations,Facilities Coordinator,2018-09-17,66092,32,Male,Contract,7.3,2.0,(400) 534-5265
EMP-1322,Jason,Davis,HR,HR Manager,2010-08-25,46095,50,Non-binary,Part-time,15.4,1.8,(315) 242-7348
EMP-1323,Susan,Mitchell,Finance,Accountant,2022-10-16,53050,41,Non-binary,Full-time,3.2,4.5,(510) 569-8598
EMP-1324,Michael,Adams,Finance,Controller,2015-08-30,53520,35,Male,Full-time,10.3,4.4,(411) 711-7366
EMP-1325,Carol,Robinson,Legal,Legal Assistant,2013-09-15,73500,53,Female,Contract,12.3,3.4,(883) 454-2272
EMP-1326,Susan,Smith,Engineering,DevOps Engineer,2011-02-14,129486,22,Female,Part-time,14.9,2.5,(781) 363-2593
EMP-1327,Michael,White,Finance,Accountant,2019-06-29,56072,45,Male,Full-time,6.5,2.7,(222) 504-1573
EMP-1328,Jessica,Martin,Marketing,SEO Specialist,2020-04-01,100884,35,Non-binary,Full-time,5.7,4.5,(687) 378-1235
EMP-1329,Joseph,Garcia,Finance,Finance Manager,2023-01-02,99407,57,Female,Full-time,3.0,1.1,(776) 691-2036
EMP-1330,Karen,Wilson,Sales,Regional Director,2025-03-17,103810,46,Female,Part-time,0.8,1.7,(213) 790-1721
EMP-1331,David,Roberts,HR,HR Business Partner,2020-09-30,80477,34,Female,Full-time,5.3,3.7,(392) 440-8339
EMP-1332,James,Adams,Engineering,DevOps Engineer,2019-10-07,102651,57,Male,Full-time,6.2,2.1,(290) 812-7017
EMP-1333,Gary,Walker,Marketing,SEO Specialist,2024-10-09,66426,45,Non-binary,Contract,1.2,3.2,(528) 952-6681
EMP-1334,Edward,Lopez,Legal,Compliance Officer,2020-06-26,76534,44,Non-binary,Part-time,5.5,3.7,(617) 568-8073
EMP-1335,Barbara,Hill,HR,Recruiter,2017-06-19,60953,44,Non-binary,Part-time,8.5,2.8,(752) 896-3691
EMP-1336,Jennifer,Perez,Marketing,Brand Analyst,2017-08-30,47231,56,Non-binary,Full-time,8.3,4.9,(410) 909-7493
EMP-1337,William,Clark,Sales,Sales Analyst,2022-03-15,44406,24,Non-binary,Full-time,3.8,3.3,(460) 763-3698
EMP-1338,Sandra,Baker,Operations,Supply Chain Analyst,2012-08-15,69922,42,Non-binary,Part-time,13.4,3.1,(602) 424-6752
EMP-1339,Edward,Hall,Sales,Account Executive,2024-05-13,35000,63,Female,Full-time,1.6,4.3,(971) 392-1009
EMP-1340,Jonathan,Miller,Customer Support,Senior Support Agent,2011-08-15,76309,41,Male,Contract,14.4,3.6,(395) 224-1265
EMP-1341,Patricia,Jackson,Sales,Account Executive,2014-03-02,100488,65,Male,Full-time,11.8,2.0,(321) 632-6857
EMP-1342,Stephanie,Smith,HR,HR Business Partner,2018-09-12,81826,45,Non-binary,Part-time,7.3,3.5,(807) 242-9050
EMP-1343,John,Young,Operations,Operations Manager,2010-09-12,100550,38,Non-binary,Part-time,15.3,4.4,(592) 970-9831
EMP-1344,Richard,Ramirez,Operations,Supply Chain Analyst,2010-08-12,103055,46,Male,Part-time,15.4,2.0,(294) 284-5020
EMP-1345,Richard,Robinson,Legal,Compliance Officer,2015-06-01,81954,60,Female,Full-time,10.6,2.3,(765) 995-8392
EMP-1346,Margaret,Flores,Legal,Paralegal,2010-03-26,109472,65,Male,Contract,15.8,2.8,(714) 385-8588
EMP-1347,Emily,Hall,Legal,Legal Assistant,2024-08-30,110970,25,Female,Contract,1.3,1.5,(729) 702-3849
EMP-1348,Laura,Jackson,Marketing,Marketing Coordinator,2016-07-06,69101,60,Male,Full-time,9.5,1.8,(697) 455-1093
EMP-1349,Deborah,Roberts,Marketing,Marketing Manager,2010-12-26,85508,41,Male,Full-time,15.0,2.4,(899) 797-9083
EMP-1350,Sandra,Rivera,Customer Support,Support Agent,2012-04-11,101327,32,Non-binary,Contract,13.7,1.1,(708) 575-8044
EMP-1351,Robert,Rivera,Operations,Facilities Coordinator,2012-05-21,106503,48,Female,Full-time,13.6,2.1,(770) 918-7918
EMP-1352,David,Jones,Sales,Sales Manager,2024-11-28,45639,44,Male,Full-time,1.1,1.5,(365) 288-4060
EMP-1353,Betty,Lewis,Operations,Facilities Coordinator,2015-11-25,79721,52,Male,Full-time,10.1,3.3,(318) 773-1651
EMP-1354,Sandra,Gonzalez,Marketing,SEO Specialist,2012-12-27,83772,47,Male,Full-time,13.0,3.1,(472) 799-9692
EMP-1355,Mary,Martin,Marketing,SEO Specialist,2015-06-20,75618,52,Male,Full-time,10.5,3.7,(689) 690-4508
EMP-1356,Richard,Lopez,Legal,Legal Assistant,2024-03-16,35000,62,Male,Full-time,1.8,4.4,(348) 978-2114
EMP-1357,Kathleen,Allen,Sales,Sales Analyst,2013-09-11,63393,37,Non-binary,Part-time,12.3,4.4,(570) 430-5300
EMP-1358,Edward,Brown,Legal,Paralegal,2017-03-10,111749,47,Female,Part-time,8.8,2.8,(430) 966-3086
EMP-1359,Kathleen,Flores,Legal,Legal Counsel,2015-06-01,81453,60,Non-binary,Full-time,10.6,3.0,(276) 643-1506
EMP-1360,Rebecca,Jones,Sales,Account Executive,2024-05-21,57947,24,Female,Full-time,1.6,2.2,(748) 819-6359
EMP-1361,Michelle,Walker,Customer Support,Support Manager,2023-03-23,93270,57,Non-binary,Contract,2.8,3.4,(787) 340-8689
EMP-1362,Amanda,Garcia,Customer Support,Support Team Lead,2021-12-13,68290,55,Non-binary,Full-time,4.0,4.7,(495) 808-9413
EMP-1363,Sandra,Lee,Operations,Logistics Coordinator,2022-09-11,68981,34,Female,Full-time,3.3,1.8,(543) 730-7742
EMP-1364,Emily,Taylor,Legal,Legal Counsel,2023-10-02,87307,30,Male,Full-time,2.2,3.9,(766) 528-4349
EMP-1365,Cynthia,Nguyen,Marketing,Marketing Coordinator,2016-07-15,38864,62,Male,Full-time,9.5,3.4,(848) 545-3999
EMP-1366,Amy,White,Finance,Finance Manager,2020-11-11,100258,39,Female,Full-time,5.1,2.0,(273) 458-3038
EMP-1367,Ronald,Scott,Legal,Paralegal,2011-06-30,63592,34,Female,Part-time,14.5,2.8,(763) 797-5539
EMP-1368,Angela,Torres,Legal,Legal Counsel,2015-12-17,109928,25,Female,Contract,10.0,1.4,(647) 596-6130
EMP-1369,Jessica,Rodriguez,Marketing,Marketing Coordinator,2018-02-08,70939,25,Male,Full-time,7.9,2.1,(761) 748-5397
EMP-1370,Thomas,Miller,Legal,Legal Counsel,2010-11-24,71785,64,Female,Contract,15.1,3.9,(491) 640-4943
EMP-1371,Sandra,Anderson,HR,Benefits Specialist,2017-12-06,73571,37,Male,Full-time,8.1,3.2,(524) 980-4602
EMP-1372,Lisa,Harris,Finance,Controller,2023-10-28,85488,23,Non-binary,Contract,2.2,4.9,(476) 697-3040
EMP-1373,Richard,Thomas,Legal,Legal Counsel,2015-06-06,71915,51,Non-binary,Full-time,10.6,4.6,(425) 486-2759
EMP-1374,James,Thomas,HR,HR Manager,2023-01-01,90918,60,Male,Full-time,3.0,4.4,(618) 929-8276
EMP-1375,Jacob,Martinez,Legal,Legal Assistant,2018-07-12,52972,23,Non-binary,Full-time,7.5,1.8,(889) 703-8154
EMP-1376,Shirley,Perez,Operations,Operations Analyst,2021-03-12,39334,54,Non-binary,Full-time,4.8,2.5,(920) 279-7187
EMP-1377,Lisa,Sanchez,Finance,Accountant,2017-01-18,43301,44,Female,Full-time,9.0,2.0,(497) 436-7216
EMP-1378,Nicholas,Johnson,Finance,Financial Analyst,2020-02-22,57379,23,Female,Full-time,5.9,3.0,(941) 656-7949
EMP-1379,Barbara,Ramirez,HR,HR Business Partner,2015-02-16,89790,39,Female,Full-time,10.9,2.9,(372) 424-9473
EMP-1380,Shirley,Gonzalez,Engineering,Engineering Manager,2018-03-06,75730,25,Male,Full-time,7.8,3.5,(766) 251-5102
EMP-1381,William,King,HR,HR Manager,2013-05-05,64169,40,Male,Part-time,12.7,2.1,(390) 434-7708
EMP-1382,Michelle,Hernandez,Sales,Account Executive,2012-01-26,109515,61,Non-binary,Full-time,13.9,2.2,(681) 633-3751
EMP-1383,Steven,Johnson,Finance,Controller,2011-09-24,86731,26,Male,Full-time,14.3,4.3,(383) 746-3033
EMP-1384,Cynthia,Scott,Operations,Logistics Coordinator,2013-06-05,92091,56,Male,Full-time,12.6,4.4,(984) 478-9409
EMP-1385,Robert,Allen,Engineering,Engineering Manager,2013-01-10,67238,32,Male,Part-time,13.0,1.6,(335) 447-7016
EMP-1386,Emily,Robinson,Finance,Finance Manager,2013-12-05,71614,29,Non-binary,Full-time,12.1,1.3,(586) 339-1009
EMP-1387,Joshua,Robinson,Customer Support,Support Manager,2022-05-06,60523,56,Non-binary,Part-time,3.7,4.6,(677) 862-9514
EMP-1388,Dorothy,Hill,Legal,Compliance Officer,2021-09-28,99633,48,Male,Full-time,4.3,1.8,(814) 576-5889
EMP-1389,Joseph,Hill,Legal,Contract Specialist,2018-06-07,117808,41,Female,Full-time,7.6,2.3,(403) 968-1262
EMP-1390,Margaret,Ramirez,Marketing,Marketing Manager,2023-03-30,62440,30,Male,Full-time,2.8,1.1,(432) 649-5143
EMP-1391,Eric,Sanchez,Customer Support,Support Manager,2018-05-02,57923,35,Female,Full-time,7.7,2.7,(252) 451-3384
EMP-1392,Richard,Jackson,Operations,Operations Analyst,2017-11-11,118976,51,Female,Full-time,8.1,3.4,(563) 724-8816
EMP-1393,Jennifer,Walker,Sales,Sales Manager,2017-06-08,46856,34,Female,Contract,8.6,1.7,(303) 349-5417
EMP-1394,Linda,Johnson,Finance,Controller,2018-04-30,53634,23,Non-binary,Part-time,7.7,2.4,(534) 491-7028
EMP-1395,Michael,King,Sales,Regional Director,2020-12-07,82187,49,Non-binary,Full-time,5.1,3.7,(761) 946-9289
EMP-1396,David,Martinez,Legal,Compliance Officer,2024-10-25,70871,50,Male,Full-time,1.2,4.0,(401) 295-7289
EMP-1397,Emily,Sanchez,Finance,Financial Analyst,2010-12-27,39737,41,Male,Full-time,15.0,1.8,(782) 398-7841
EMP-1398,Karen,Ramirez,HR,Recruiter,2010-01-05,78577,26,Non-binary,Part-time,16.0,4.1,(424) 679-3713
EMP-1399,Amy,Davis,Sales,Regional Director,2017-09-08,80910,61,Non-binary,Full-time,8.3,4.4,(464) 790-9977
EMP-1400,Brian,Green,Operations,Facilities Coordinator,2013-06-28,58540,64,Non-binary,Full-time,12.5,4.2,(996) 451-4706
EMP-1401,Robert,Ramirez,Customer Support,Support Team Lead,2017-05-12,38875,54,Female,Part-time,8.6,4.9,(614) 252-5920
EMP-1402,Paul,Miller,Marketing,Brand Analyst,2015-01-06,88844,36,Male,Full-time,11.0,3.8,(717) 571-7760
EMP-1403,Stephanie,Clark,Operations,Operations Manager,2011-10-27,62122,37,Male,Contract,14.2,2.9,(878) 267-6143
EMP-1404,Linda,Ramirez,Legal,Contract Specialist,2013-06-15,68856,48,Female,Full-time,12.5,2.2,(698) 703-7493
EMP-1405,Margaret,Sanchez,Legal,Legal Counsel,2016-06-04,76046,37,Non-binary,Full-time,9.6,2.3,(812) 534-7174
EMP-1406,William,Miller,Sales,Sales Associate,2010-03-11,46808,31,Male,Full-time,15.8,5.0,(202) 682-3909
EMP-1407,John,Rodriguez,HR,HR Business Partner,2025-03-23,67692,65,Non-binary,Full-time,0.8,3.7,(289) 241-3706
EMP-1408,Michelle,Perez,Sales,Sales Associate,2023-01-27,109417,27,Male,Full-time,2.9,4.6,(702) 310-5379
EMP-1409,Donna,Flores,Sales,Sales Analyst,2016-05-19,72440,30,Male,Part-time,9.6,3.4,(466) 361-9435
EMP-1410,Richard,Young,Finance,Senior Accountant,2010-09-20,97136,47,Non-binary,Part-time,15.3,4.2,(567) 721-6020
EMP-1411,Donna,Adams,Legal,Contract Specialist,2015-04-11,45385,41,Non-binary,Full-time,10.7,1.8,(672) 352-3543
EMP-1412,John,Garcia,Engineering,DevOps Engineer,2012-08-22,96281,31,Male,Full-time,13.4,2.1,(540) 904-6242
EMP-1413,Steven,Rivera,Customer Support,Support Manager,2019-03-12,92087,29,Non-binary,Contract,6.8,3.9,(509) 926-4436
EMP-1414,Nicholas,Adams,Engineering,Staff Engineer,2013-07-06,78322,47,Male,Full-time,12.5,2.6,(709) 674-7512
EMP-1415,Carol,Lewis,Marketing,SEO Specialist,2019-06-22,83625,64,Female,Contract,6.5,4.5,(388) 207-3689
EMP-1416,Paul,Clark,Sales,Regional Director,2017-07-03,88272,31,Non-binary,Contract,8.5,3.0,(484) 407-3957
EMP-1417,Rebecca,Williams,Engineering,Staff Engineer,2017-09-10,78588,61,Female,Full-time,8.3,1.0,(694) 990-9209
EMP-1418,Betty,Wilson,Marketing,SEO Specialist,2025-04-05,100861,64,Female,Contract,0.7,2.6,(741) 804-4222
EMP-1419,Sharon,Roberts,Engineering,Engineering Manager,2023-04-04,42834,57,Female,Contract,2.7,5.0,(667) 245-5661
EMP-1420,Brian,Johnson,Legal,Legal Assistant,2024-01-24,35000,26,Female,Contract,1.9,3.3,(522) 805-4651
EMP-1421,Laura,Taylor,HR,HR Coordinator,2015-02-23,83179,64,Non-binary,Full-time,10.9,2.6,(204) 743-4755
EMP-1422,Jennifer,Anderson,Customer Support,Senior Support Agent,2018-11-27,35000,22,Female,Contract,7.1,4.3,(759) 626-1267
EMP-1423,Jonathan,Campbell,HR,Benefits Specialist,2024-11-16,101863,25,Female,Contract,1.1,1.9,(877) 765-5711
EMP-1424,Joseph,Thomas,Legal,Legal Assistant,2017-05-15,58952,33,Non-binary,Part-time,8.6,1.3,(862) 451-8862
EMP-1425,Robert,Miller,Marketing,SEO Specialist,2013-10-16,70331,64,Female,Full-time,12.2,2.7,(636) 408-3685
EMP-1426,Timothy,Miller,HR,HR Business Partner,2022-03-01,68607,57,Male,Full-time,3.8,4.4,(203) 445-2081
EMP-1427,Andrew,Lopez,Sales,Regional Director,2017-07-28,67368,29,Non-binary,Contract,8.4,2.9,(325) 692-5559
EMP-1428,William,Thompson,Sales,Sales Manager,2013-12-16,85929,46,Female,Full-time,12.0,4.6,(835) 984-2415
EMP-1429,David,Hernandez,Marketing,SEO Specialist,2013-08-06,45577,55,Non-binary,Contract,12.4,1.8,(975) 846-6757
EMP-1430,Patricia,Perez,Legal,Contract Specialist,2012-04-28,79105,54,Male,Full-time,13.7,3.5,(695) 992-2096
EMP-1431,Sandra,Nelson,Customer Support,Technical Support,2020-04-08,49964,46,Female,Full-time,5.7,1.8,(242) 237-8420
EMP-1432,Matthew,Smith,Operations,Operations Analyst,2024-11-27,59602,45,Male,Full-time,1.1,4.4,(287) 337-2572
EMP-1433,Stephen,Scott,Sales,Sales Analyst,2013-01-17,54162,52,Female,Contract,13.0,5.0,(943) 979-6582
EMP-1434,Jessica,Flores,Engineering,Staff Engineer,2015-07-09,49384,41,Male,Full-time,10.5,1.2,(507) 880-3243
EMP-1435,Kimberly,Harris,Marketing,SEO Specialist,2017-08-16,68921,48,Male,Contract,8.4,2.5,(710) 515-5912
EMP-1436,Edward,Johnson,Engineering,Staff Engineer,2017-05-08,63006,33,Non-binary,Contract,8.6,3.4,(302) 571-2857
EMP-1437,Richard,Taylor,Operations,Operations Manager,2012-10-10,35000,33,Non-binary,Full-time,13.2,3.3,(280) 437-1804
EMP-1438,Emily,Martin,Sales,Sales Analyst,2022-12-13,65736,56,Female,Full-time,3.0,4.6,(970) 241-6110
EMP-1439,Rebecca,Garcia,Operations,Operations Manager,2011-03-03,105313,30,Male,Full-time,14.8,4.8,(802) 204-2750
EMP-1440,Kathleen,Williams,Customer Support,Support Team Lead,2019-02-08,86509,56,Non-binary,Full-time,6.9,1.3,(372) 389-2701
EMP-1441,Robert,Walker,Finance,Accountant,2013-10-19,84149,65,Non-binary,Full-time,12.2,5.0,(205) 897-9568
EMP-1442,Andrew,Torres,Finance,Finance Manager,2022-04-13,91028,37,Non-binary,Part-time,3.7,1.8,(740) 499-6640
EMP-1443,Sarah,Sanchez,Legal,Legal Assistant,2016-06-14,81273,39,Male,Contract,9.5,4.4,(327) 923-7884
EMP-1444,Paul,Adams,Customer Support,Support Agent,2012-07-27,40118,47,Non-binary,Full-time,13.4,3.3,(856) 794-2965
EMP-1445,Ashley,Rodriguez,Engineering,Senior Engineer,2015-08-10,52636,24,Non-binary,Full-time,10.4,3.7,(336) 423-5530
EMP-1446,Joseph,Torres,Engineering,Senior Engineer,2012-06-26,55456,22,Female,Full-time,13.5,1.6,(863) 326-7041
EMP-1447,Carol,Clark,Legal,Legal Assistant,2025-04-05,86832,39,Female,Full-time,0.7,4.4,(349) 411-7376
EMP-1448,Dorothy,Gonzalez,Finance,Finance Manager,2020-12-19,57397,39,Female,Part-time,5.0,1.6,(261) 966-8516
EMP-1449,Shirley,Jackson,Finance,Finance Manager,2012-06-23,82298,40,Male,Full-time,13.5,2.1,(636) 987-1225
EMP-1450,Nicholas,Carter,Sales,Sales Analyst,2020-03-11,69155,44,Male,Full-time,5.8,4.4,(599) 476-3628
EMP-1451,Kathleen,Anderson,Customer Support,Senior Support Agent,2010-05-21,91833,37,Non-binary,Part-time,15.6,2.5,(764) 721-3370
EMP-1452,Joseph,Moore,Operations,Facilities Coordinator,2015-09-19,69995,28,Female,Part-time,10.3,1.1,(780) 309-4952
EMP-1453,Joshua,Taylor,Finance,Controller,2023-10-06,111293,58,Non-binary,Full-time,2.2,3.5,(741) 203-3442
EMP-1454,Robert,Lee,Legal,Legal Assistant,2017-08-27,59010,22,Non-binary,Full-time,8.3,3.9,(635) 457-5455
EMP-1455,Betty,Green,Legal,Legal Assistant,2022-09-05,76916,58,Female,Full-time,3.3,2.5,(839) 400-5012
EMP-1456,Carol,Williams,Operations,Operations Manager,2020-07-28,46460,37,Female,Contract,5.4,1.1,(278) 305-3244
EMP-1457,Sandra,Clark,Engineering,Senior Engineer,2020-06-23,69092,48,Non-binary,Full-time,5.5,1.4,(761) 651-3223
EMP-1458,Mark,Mitchell,Finance,Accountant,2018-04-27,78734,28,Non-binary,Part-time,7.7,1.5,(487) 858-8370
EMP-1459,Anthony,Garcia,Operations,Logistics Coordinator,2023-09-21,75875,29,Male,Full-time,2.3,4.2,(749) 964-4951
EMP-1460,Jennifer,Walker,HR,Benefits Specialist,2013-09-30,76858,64,Female,Full-time,12.3,4.2,(538) 302-2453
EMP-1461,Jonathan,Nguyen,Finance,Controller,2016-03-24,35000,22,Female,Full-time,9.8,4.7,(971) 663-3691
EMP-1462,Patricia,Mitchell,Sales,Sales Analyst,2010-06-24,72572,64,Male,Full-time,15.5,3.9,(950) 383-4208
EMP-1463,Anthony,Gonzalez,Marketing,SEO Specialist,2020-05-03,90170,25,Non-binary,Part-time,5.7,1.9,(337) 232-2931
EMP-1464,Anthony,White,HR,HR Manager,2013-06-14,82381,26,Female,Full-time,12.5,1.7,(235) 745-3868
EMP-1465,Rebecca,Miller,Sales,Account Executive,2014-10-01,62269,26,Male,Part-time,11.2,1.4,(434) 916-3722
EMP-1466,Andrew,Rivera,Operations,Supply Chain Analyst,2013-07-13,43328,60,Female,Part-time,12.5,1.7,(655) 485-6172
EMP-1467,Kimberly,Hill,Finance,Financial Analyst,2014-05-27,68369,47,Female,Part-time,11.6,4.1,(676) 293-2889
EMP-1468,Thomas,Brown,Finance,Controller,2012-07-16,35000,57,Non-binary,Full-time,13.5,1.2,(384) 751-4797
EMP-1469,Thomas,Thomas,Engineering,DevOps Engineer,2023-08-12,82097,56,Male,Full-time,2.4,3.2,(285) 547-9602
EMP-1470,Larry,Garcia,HR,HR Business Partner,2017-06-13,85274,57,Female,Part-time,8.6,4.4,(410) 343-4612
EMP-1471,Barbara,King,Marketing,Brand Analyst,2019-12-03,86829,26,Female,Contract,6.1,1.3,(978) 529-8551
EMP-1472,Lisa,Baker,HR,HR Business Partner,2010-09-03,79225,24,Non-binary,Full-time,15.3,4.5,(940) 231-2370
EMP-1473,Carol,Hernandez,Sales,Sales Associate,2014-04-09,35000,52,Male,Part-time,11.7,4.1,(751) 863-7087
EMP-1474,Linda,Green,Engineering,Senior Engineer,2017-12-04,66036,42,Non-binary,Full-time,8.1,4.0,(467) 363-2393
EMP-1475,Brenda,Martinez,Customer Support,Support Team Lead,2021-01-06,83519,55,Male,Full-time,5.0,1.7,(981) 495-9215
EMP-1476,Jennifer,Lee,Legal,Contract Specialist,2010-11-27,69712,54,Non-binary,Full-time,15.1,1.0,(467) 451-7191
EMP-1477,George,Green,Operations,Operations Analyst,2018-02-09,77300,55,Female,Contract,7.9,1.6,(586) 776-3014
EMP-1478,Steven,Clark,Marketing,SEO Specialist,2021-06-23,98973,36,Male,Full-time,4.5,2.2,(374) 790-7149
EMP-1479,Jennifer,Scott,Engineering,Engineering Manager,2011-03-11,73593,48,Male,Full-time,14.8,2.6,(828) 771-8537
EMP-1480,Dorothy,Johnson,Marketing,Content Strategist,2011-06-13,74134,25,Male,Part-time,14.6,2.0,(741) 327-9671
EMP-1481,James,Taylor,HR,Recruiter,2022-04-12,82708,52,Female,Full-time,3.7,3.1,(587) 935-4075
EMP-1482,Shirley,Adams,Sales,Regional Director,2016-01-03,80180,37,Non-binary,Part-time,10.0,3.5,(502) 943-3799
EMP-1483,Stephen,Torres,HR,HR Manager,2016-09-03,82608,32,Male,Full-time,9.3,4.5,(974) 934-3138
EMP-1484,Melissa,Campbell,Legal,Legal Counsel,2012-05-02,93469,41,Female,Full-time,13.7,4.3,(498) 846-7387
EMP-1485,Charles,Thompson,Operations,Operations Manager,2010-12-13,70354,33,Female,Full-time,15.0,3.9,(577) 548-9904
EMP-1486,Nancy,Jackson,Finance,Financial Analyst,2024-12-30,53943,27,Female,Full-time,1.0,3.1,(743) 717-1368
EMP-1487,Mark,Campbell,Sales,Sales Manager,2015-06-01,79040,57,Non-binary,Contract,10.6,3.1,(482) 539-3199
EMP-1488,Cynthia,Flores,Engineering,Staff Engineer,2010-11-04,71673,40,Female,Full-time,15.2,1.8,(421) 413-6817
EMP-1489,Matthew,King,HR,Benefits Specialist,2017-01-25,67064,29,Female,Full-time,8.9,4.2,(304) 292-2549
EMP-1490,Gary,King,Customer Support,Support Agent,2022-03-18,61948,25,Non-binary,Full-time,3.8,3.5,(402) 704-4551
EMP-1491,Sarah,Sanchez,Operations,Logistics Coordinator,2010-11-18,64683,48,Male,Full-time,15.1,4.8,(968) 826-9272
EMP-1492,Amy,Carter,Operations,Supply Chain Analyst,2012-02-20,122933,51,Non-binary,Contract,13.9,4.6,(210) 389-4419
EMP-1493,Patricia,Johnson,Sales,Sales Manager,2019-04-23,62930,29,Non-binary,Full-time,6.7,4.4,(736) 213-5004
EMP-1494,Ronald,Perez,Customer Support,Support Manager,2015-12-02,89912,40,Non-binary,Part-time,10.1,4.7,(835) 896-4501
EMP-1495,Jason,White,Operations,Logistics Coordinator,2011-04-20,44821,26,Female,Contract,14.7,1.3,(326) 738-5699
EMP-1496,Susan,Wright,HR,Recruiter,2015-03-11,52490,47,Male,Contract,10.8,1.6,(617) 399-3795
EMP-1497,Charles,Wilson,Marketing,Marketing Coordinator,2015-05-22,70722,50,Female,Full-time,10.6,2.4,(278) 294-5180
EMP-1498,John,Hall,HR,Recruiter,2021-08-28,40386,56,Female,Full-time,4.3,4.1,(545) 443-9067
EMP-1499,Jason,Ramirez,Legal,Paralegal,2021-08-25,97816,28,Male,Full-time,4.4,2.7,(218) 243-4161
EMP-1500,Linda,King,Finance,Senior Accountant,2018-10-05,83047,47,Male,Part-time,7.2,1.6,(666) 274-6249
EMP-1501,Margaret,Miller,Marketing,Content Strategist,2015-09-12,67864,43,Female,Full-time,10.3,4.3,(721) 763-4004
EMP-1502,Sharon,Torres,Sales,Regional Director,2024-01-19,46451,53,Male,Contract,1.9,1.8,(737) 470-5757
EMP-1503,Jennifer,Davis,Finance,Senior Accountant,2022-06-09,89666,22,Non-binary,Part-time,3.6,4.1,(550) 505-4889
EMP-1504,Kathleen,Nelson,Marketing,Marketing Manager,2011-01-13,77468,35,Non-binary,Full-time,15.0,1.2,(883) 579-8397
EMP-1505,Robert,Hill,Engineering,DevOps Engineer,2018-04-05,99084,58,Non-binary,Full-time,7.7,4.2,(492) 787-3978
EMP-1506,Robert,Rivera,Customer Support,Support Team Lead,2023-01-28,47349,32,Non-binary,Contract,2.9,4.8,(630) 985-7158
EMP-1507,Donna,Scott,Customer Support,Support Agent,2021-09-17,94341,40,Male,Contract,4.3,4.1,(793) 593-5066
EMP-1508,Christopher,Perez,Sales,Sales Manager,2010-06-24,99659,54,Male,Full-time,15.5,4.6,(310) 389-4654
EMP-1509,Donna,Roberts,Marketing,Marketing Manager,2019-01-25,53896,58,Non-binary,Full-time,6.9,2.6,(916) 223-8749
EMP-1510,Karen,Sanchez,Sales,Regional Director,2019-05-15,65295,23,Male,Full-time,6.6,3.2,(941) 433-9519
EMP-1511,Mark,Lee,Operations,Logistics Coordinator,2021-09-01,62974,30,Non-binary,Contract,4.3,4.0,(491) 203-6647
EMP-1512,Edward,Nelson,Sales,Account Executive,2022-09-13,69356,61,Male,Part-time,3.3,3.4,(567) 757-3402
EMP-1513,Sharon,Nelson,HR,HR Coordinator,2022-05-08,77478,46,Non-binary,Part-time,3.6,2.4,(845) 274-4549
EMP-1514,Mary,Scott,Customer Support,Support Manager,2012-03-15,100088,65,Male,Contract,13.8,2.3,(544) 968-2969
EMP-1515,Paul,Gonzalez,HR,HR Manager,2022-02-22,35000,31,Male,Contract,3.9,4.2,(518) 721-5454
EMP-1516,Jennifer,Johnson,Marketing,Marketing Manager,2015-01-07,123846,22,Female,Contract,11.0,2.6,(598) 264-1903
EMP-1517,Joseph,Carter,Legal,Legal Assistant,2014-07-14,77000,26,Male,Full-time,11.5,4.3,(542) 226-1785
EMP-1518,David,Harris,Engineering,DevOps Engineer,2024-07-16,105876,39,Male,Full-time,1.5,1.2,(617) 992-3903
EMP-1519,Stephen,Gonzalez,Customer Support,Support Manager,2024-01-24,92001,31,Male,Full-time,1.9,1.9,(486) 476-1275
EMP-1520,Amy,Lewis,Customer Support,Technical Support,2016-04-25,95717,47,Female,Full-time,9.7,3.9,(981) 621-3130
EMP-1521,Sarah,Thompson,Engineering,DevOps Engineer,2012-01-25,108718,53,Non-binary,Part-time,13.9,4.7,(248) 364-2094
EMP-1522,Kimberly,Johnson,Legal,Legal Assistant,2025-02-17,69674,56,Male,Full-time,0.9,2.8,(291) 335-6147
EMP-1523,Dorothy,Rivera,Marketing,Content Strategist,2017-09-25,141085,47,Male,Part-time,8.3,3.2,(281) 675-1174
EMP-1524,Anthony,Hernandez,Sales,Sales Associate,2023-07-11,87221,32,Female,Full-time,2.5,4.3,(885) 525-3168
EMP-1525,Cynthia,Young,Operations,Supply Chain Analyst,2012-09-20,75036,34,Male,Part-time,13.3,1.3,(883) 758-5861
EMP-1526,Michelle,Taylor,Engineering,Senior Engineer,2022-12-25,122715,42,Female,Contract,3.0,1.2,(296) 641-5512
EMP-1527,Joshua,Brown,Finance,Finance Manager,2014-08-06,89773,65,Female,Full-time,11.4,2.6,(747) 310-3322
EMP-1528,Cynthia,Mitchell,Customer Support,Technical Support,2013-10-27,117187,33,Non-binary,Full-time,12.2,4.5,(803) 749-3988
EMP-1529,Susan,Green,Finance,Senior Accountant,2021-08-26,96555,48,Male,Contract,4.3,3.2,(952) 703-8175
EMP-1530,Sandra,Carter,Legal,Legal Counsel,2022-02-05,109671,37,Male,Contract,3.9,3.7,(526) 618-1477
EMP-1531,Amanda,Anderson,Customer Support,Support Agent,2021-01-20,41038,59,Non-binary,Part-time,4.9,2.6,(321) 664-8836
EMP-1532,Linda,Sanchez,Customer Support,Senior Support Agent,2019-02-01,77627,55,Male,Full-time,6.9,4.1,(585) 753-3353
EMP-1533,William,Nelson,Marketing,Content Strategist,2015-01-09,61173,62,Female,Full-time,11.0,3.7,(288) 602-6997
EMP-1534,Mary,Roberts,Operations,Facilities Coordinator,2020-01-13,65141,28,Male,Full-time,6.0,3.1,(988) 378-2191
EMP-1535,Sarah,Lee,Legal,Contract Specialist,2023-04-30,51513,24,Non-binary,Contract,2.7,3.1,(898) 474-4853
EMP-1536,Sharon,Flores,HR,Benefits Specialist,2010-05-13,114124,32,Female,Full-time,15.6,4.8,(908) 947-4765
EMP-1537,Brenda,Ramirez,HR,Benefits Specialist,2016-07-18,115057,63,Male,Full-time,9.5,4.5,(545) 953-9391
EMP-1538,David,Adams,Sales,Sales Manager,2017-10-11,54101,50,Male,Part-time,8.2,1.4,(383) 440-9912
EMP-1539,Stephanie,Lewis,Legal,Contract Specialist,2014-05-25,53819,56,Non-binary,Full-time,11.6,1.1,(830) 662-5503
EMP-1540,Ronald,Roberts,Sales,Sales Analyst,2011-06-05,60646,62,Non-binary,Contract,14.6,3.0,(754) 353-8151
EMP-1541,Jonathan,Young,Marketing,Content Strategist,2017-03-07,51178,55,Non-binary,Full-time,8.8,3.0,(967) 239-9718
EMP-1542,Kevin,Baker,Engineering,Engineering Manager,2024-06-07,56716,33,Female,Full-time,1.6,3.8,(230) 879-6904
EMP-1543,Deborah,Harris,Operations,Supply Chain Analyst,2022-10-07,35000,24,Male,Full-time,3.2,1.7,(754) 380-6613
EMP-1544,Melissa,Moore,HR,Recruiter,2021-09-29,50735,47,Male,Full-time,4.3,4.3,(826) 501-4042
EMP-1545,Ashley,Green,Marketing,Brand Analyst,2022-12-03,81119,39,Female,Full-time,3.1,4.5,(399) 759-2689
EMP-1546,Amanda,Sanchez,Marketing,SEO Specialist,2011-10-15,65578,65,Non-binary,Full-time,14.2,3.9,(694) 382-6625
EMP-1547,Deborah,Hernandez,Marketing,Marketing Manager,2023-03-20,54804,36,Non-binary,Full-time,2.8,2.4,(822) 902-7062
EMP-1548,Susan,Anderson,Sales,Sales Analyst,2018-10-10,35000,45,Female,Contract,7.2,2.1,(595) 772-6314
EMP-1549,Robert,Flores,Operations,Supply Chain Analyst,2025-04-03,120949,40,Female,Full-time,0.7,1.0,(513) 843-2965
EMP-1550,Angela,Torres,Sales,Sales Associate,2020-10-17,67290,60,Non-binary,Full-time,5.2,3.3,(475) 238-2409
EMP-1551,Timothy,Wilson,Legal,Compliance Officer,2011-12-24,75766,42,Female,Part-time,14.0,1.4,(535) 407-2756
EMP-1552,Margaret,Campbell,Marketing,SEO Specialist,2023-11-22,86700,35,Non-binary,Full-time,2.1,2.0,(636) 658-6198
EMP-1553,Jennifer,Johnson,HR,Recruiter,2024-06-06,49104,28,Female,Full-time,1.6,1.1,(562) 381-8481
EMP-1554,Deborah,Flores,Sales,Sales Analyst,2021-09-30,43434,52,Male,Part-time,4.3,1.0,(569) 332-4850
EMP-1555,Angela,King,Operations,Supply Chain Analyst,2013-08-26,62160,30,Female,Contract,12.3,4.2,(994) 638-7817
EMP-1556,Linda,Lee,Legal,Contract Specialist,2022-02-01,65809,50,Male,Part-time,3.9,3.8,(722) 545-5581
EMP-1557,Brenda,Green,Operations,Facilities Coordinator,2019-06-19,123954,45,Female,Contract,6.5,2.2,(714) 331-5989
EMP-1558,Jessica,Garcia,Legal,Compliance Officer,2010-07-28,77554,30,Male,Full-time,15.4,1.6,(514) 581-4761
EMP-1559,Sandra,Jones,Finance,Accountant,2024-05-31,73848,29,Female,Full-time,1.6,1.3,(205) 531-6569
EMP-1560,Kathleen,Williams,Finance,Finance Manager,2022-06-18,66533,33,Female,Contract,3.5,3.1,(592) 595-9038
EMP-1561,Christopher,Young,Finance,Finance Manager,2020-01-27,56406,62,Female,Full-time,5.9,3.6,(353) 964-1104
EMP-1562,Thomas,White,Marketing,SEO Specialist,2016-06-16,84025,35,Male,Full-time,9.5,3.8,(308) 954-3190
EMP-1563,Matthew,Jones,Marketing,Content Strategist,2023-08-10,72049,31,Non-binary,Full-time,2.4,3.5,(839) 294-1966
EMP-1564,Ronald,Mitchell,Engineering,Software Engineer,2021-08-27,50011,37,Male,Contract,4.3,2.9,(224) 745-3704
EMP-1565,Nicholas,Sanchez,Sales,Regional Director,2013-12-20,89700,33,Female,Part-time,12.0,2.9,(466) 964-6950
EMP-1566,Andrew,Walker,Marketing,Marketing Manager,2013-06-21,95734,58,Non-binary,Full-time,12.5,3.0,(994) 885-8431
EMP-1567,Ronald,Nelson,Finance,Financial Analyst,2018-10-21,67111,25,Non-binary,Full-time,7.2,3.9,(323) 860-8680
EMP-1568,Daniel,Jones,Customer Support,Senior Support Agent,2014-06-13,84350,50,Non-binary,Contract,11.6,4.9,(229) 533-3978
EMP-1569,Daniel,Martinez,Finance,Finance Manager,2013-11-03,35739,28,Non-binary,Part-time,12.2,4.2,(873) 799-2234
EMP-1570,Kenneth,Thomas,Marketing,Content Strategist,2013-09-26,52781,42,Male,Contract,12.3,4.4,(753) 408-6246
EMP-1571,Michelle,Moore,Legal,Paralegal,2020-12-20,43037,63,Female,Part-time,5.0,1.9,(602) 496-5049
EMP-1572,Robert,Torres,Operations,Operations Manager,2015-09-11,91087,58,Non-binary,Full-time,10.3,1.7,(657) 818-8189
EMP-1573,James,Lopez,Marketing,Marketing Manager,2011-07-27,35000,32,Male,Full-time,14.4,2.0,(810) 679-9634
EMP-1574,Amy,Campbell,Sales,Account Executive,2020-12-30,114680,42,Non-binary,Full-time,5.0,1.5,(228) 891-2614
EMP-1575,Sarah,White,Legal,Paralegal,2022-04-17,121920,34,Male,Full-time,3.7,4.5,(471) 979-9010
EMP-1576,Cynthia,King,Customer Support,Support Team Lead,2025-05-02,61052,35,Female,Contract,0.7,2.4,(442) 852-9765
EMP-1577,Jason,Brown,Engineering,Senior Engineer,2010-05-23,37506,39,Female,Full-time,15.6,4.7,(860) 283-6254
EMP-1578,Joseph,Robinson,Sales,Sales Manager,2013-08-28,97547,35,Male,Full-time,12.3,4.1,(858) 791-3743
EMP-1579,George,Nelson,Engineering,Software Engineer,2016-10-16,51589,34,Female,Full-time,9.2,3.6,(952) 723-4159
EMP-1580,Linda,Flores,Finance,Financial Analyst,2022-12-07,85372,48,Non-binary,Contract,3.1,3.0,(823) 317-3378
EMP-1581,Jason,Brown,Marketing,Content Strategist,2012-08-04,74490,35,Male,Full-time,13.4,4.5,(917) 671-7719
EMP-1582,Cynthia,Carter,Marketing,Marketing Coordinator,2012-08-01,80009,60,Male,Full-time,13.4,2.5,(307) 332-3960
EMP-1583,Jennifer,Davis,Engineering,Engineering Manager,2013-01-19,37935,43,Non-binary,Contract,12.9,4.0,(454) 402-4507
EMP-1584,John,Jackson,Finance,Finance Manager,2018-07-13,76061,43,Male,Part-time,7.5,3.6,(881) 508-9535
EMP-1585,Susan,Martinez,HR,Recruiter,2012-04-02,78968,27,Female,Full-time,13.7,4.2,(899) 604-9598
EMP-1586,Sarah,Perez,Engineering,DevOps Engineer,2024-11-30,89168,42,Female,Part-time,1.1,1.5,(805) 398-7008
EMP-1587,George,Campbell,Legal,Paralegal,2024-09-11,73389,22,Male,Contract,1.3,3.4,(331) 997-9135
EMP-1588,Robert,Roberts,Sales,Account Executive,2020-03-05,85219,29,Female,Contract,5.8,2.3,(575) 596-6028
EMP-1589,Thomas,Wilson,Engineering,Staff Engineer,2011-09-06,87654,31,Male,Full-time,14.3,5.0,(255) 632-3017
EMP-1590,Timothy,Flores,Marketing,Marketing Manager,2015-03-06,66187,57,Non-binary,Contract,10.8,1.2,(936) 938-2398
EMP-1591,Sharon,Ramirez,Engineering,Engineering Manager,2015-02-13,75285,30,Male,Full-time,10.9,3.1,(309) 550-6233
EMP-1592,Kimberly,Hernandez,Engineering,Senior Engineer,2016-05-27,75025,24,Non-binary,Full-time,9.6,4.6,(615) 708-8396
EMP-1593,Melissa,Ramirez,HR,Benefits Specialist,2011-06-16,87903,45,Female,Contract,14.5,3.7,(556) 580-5670
EMP-1594,Ryan,Lopez,Finance,Senior Accountant,2020-10-03,104734,28,Female,Part-time,5.2,1.0,(245) 768-1973
EMP-1595,Jessica,Allen,Sales,Sales Associate,2014-08-25,109531,23,Non-binary,Part-time,11.4,3.2,(302) 660-7531
EMP-1596,Emily,Carter,Sales,Regional Director,2013-08-19,43817,49,Non-binary,Full-time,12.4,4.2,(886) 575-8336
EMP-1597,Susan,Martinez,Engineering,Software Engineer,2017-09-08,71799,25,Female,Full-time,8.3,1.8,(243) 618-8421
EMP-1598,Susan,Thomas,Engineering,Engineering Manager,2015-02-21,81864,43,Female,Full-time,10.9,4.9,(482) 703-5919
EMP-1599,Betty,Sanchez,Marketing,Marketing Coordinator,2014-05-30,78757,23,Male,Contract,11.6,2.7,(557) 744-9652
EMP-1600,Dorothy,Lewis,Legal,Contract Specialist,2023-05-16,58091,38,Non-binary,Full-time,2.6,2.3,(887) 995-4282
EMP-1601,Stephanie,Hernandez,Customer Support,Support Team Lead,2019-10-24,75407,47,Female,Full-time,6.2,1.3,(799) 265-9595
EMP-1602,Steven,Rodriguez,Customer Support,Support Agent,2010-09-20,100188,25,Female,Full-time,15.3,2.2,(538) 841-1408
EMP-1603,David,Davis,Engineering,Engineering Manager,2023-03-15,71789,53,Non-binary,Part-time,2.8,1.5,(458) 238-1321
EMP-1604,Kimberly,Nguyen,Finance,Controller,2022-05-20,88795,26,Non-binary,Full-time,3.6,3.3,(522) 455-2077
EMP-1605,Kevin,Lopez,Engineering,Staff Engineer,2023-09-11,45944,60,Non-binary,Full-time,2.3,4.2,(504) 862-9141
EMP-1606,Jason,Hill,Customer Support,Senior Support Agent,2024-07-14,85587,26,Non-binary,Full-time,1.5,4.3,(591) 817-5794
EMP-1607,Susan,Clark,Legal,Paralegal,2013-05-01,106676,35,Female,Full-time,12.7,4.8,(696) 691-5360
EMP-1608,Ashley,Anderson,Marketing,SEO Specialist,2019-10-20,84283,33,Non-binary,Contract,6.2,3.4,(796) 782-2866
EMP-1609,Laura,Smith,Sales,Sales Manager,2013-09-14,112058,49,Non-binary,Full-time,12.3,1.1,(678) 252-9447
EMP-1610,Gary,Wright,Marketing,Marketing Coordinator,2011-12-31,88815,48,Non-binary,Full-time,14.0,3.5,(876) 842-5251
EMP-1611,Richard,Wright,Sales,Account Executive,2018-04-14,79966,65,Non-binary,Contract,7.7,3.3,(809) 716-8349
EMP-1612,Christopher,Davis,Sales,Regional Director,2010-07-03,41732,56,Female,Contract,15.5,1.1,(272) 759-7537
EMP-1613,Kimberly,Martin,Marketing,Content Strategist,2012-09-12,74237,50,Female,Contract,13.3,3.1,(438) 784-8214
EMP-1614,Jonathan,White,Customer Support,Support Agent,2022-02-03,80281,33,Non-binary,Full-time,3.9,2.7,(527) 684-2535
EMP-1615,Nancy,Gonzalez,Legal,Legal Assistant,2011-11-29,77157,41,Non-binary,Part-time,14.1,1.4,(863) 884-2376
EMP-1616,Charles,Allen,Customer Support,Technical Support,2016-01-25,53764,32,Non-binary,Full-time,9.9,2.9,(970) 601-8817
EMP-1617,Michael,Moore,Engineering,DevOps Engineer,2017-12-15,59591,36,Non-binary,Full-time,8.0,2.0,(290) 794-7938
EMP-1618,Joseph,Thompson,Legal,Paralegal,2021-02-01,65229,57,Female,Contract,4.9,3.2,(541) 940-7183
EMP-1619,Dorothy,Miller,Customer Support,Technical Support,2024-10-09,62831,64,Non-binary,Part-time,1.2,1.7,(855) 246-7908
EMP-1620,Joshua,Flores,Legal,Contract Specialist,2022-04-07,64158,37,Female,Full-time,3.7,2.1,(723) 519-3485
EMP-1621,David,Lewis,Engineering,Senior Engineer,2022-07-31,35000,43,Male,Part-time,3.4,1.6,(564) 793-4983
EMP-1622,Edward,Moore,Marketing,Marketing Coordinator,2021-04-09,117064,58,Female,Contract,4.7,2.6,(913) 713-4734
EMP-1623,Jennifer,Ramirez,Marketing,SEO Specialist,2018-11-12,64243,52,Male,Contract,7.1,2.8,(789) 269-7961
EMP-1624,Robert,Flores,Sales,Sales Associate,2016-09-22,85419,26,Non-binary,Full-time,9.3,2.4,(973) 814-3674
EMP-1625,Anthony,Rivera,Legal,Paralegal,2015-03-21,120871,35,Female,Part-time,10.8,4.6,(549) 391-5073
EMP-1626,Jennifer,Taylor,Operations,Facilities Coordinator,2021-06-18,39719,28,Non-binary,Full-time,4.5,4.6,(568) 485-5949
EMP-1627,Amy,Martinez,HR,HR Coordinator,2023-10-28,100428,28,Female,Full-time,2.2,3.6,(397) 913-5737
EMP-1628,Emily,Johnson,Legal,Contract Specialist,2011-06-02,76013,52,Non-binary,Full-time,14.6,4.1,(329) 916-5238
EMP-1629,Larry,Torres,Engineering,DevOps Engineer,2022-02-19,46249,22,Female,Part-time,3.9,4.3,(348) 299-5448
EMP-1630,William,Lewis,HR,HR Manager,2021-08-06,86103,28,Non-binary,Full-time,4.4,4.7,(841) 585-5342
EMP-1631,Brenda,Ramirez,Finance,Controller,2018-11-17,35000,61,Non-binary,Part-time,7.1,2.2,(718) 590-6117
EMP-1632,Barbara,Lee,Operations,Facilities Coordinator,2015-11-10,77626,42,Male,Contract,10.1,1.5,(813) 895-3958
EMP-1633,Linda,Baker,Customer Support,Support Team Lead,2015-07-12,67497,46,Non-binary,Full-time,10.5,2.4,(272) 685-2287
EMP-1634,Ryan,Baker,Engineering,Senior Engineer,2023-05-15,75541,56,Female,Full-time,2.6,2.7,(454) 620-3060
EMP-1635,Richard,Allen,HR,HR Business Partner,2018-05-09,43180,60,Male,Part-time,7.6,2.9,(250) 225-5933
EMP-1636,Sarah,Martin,HR,Recruiter,2011-01-20,154736,40,Non-binary,Full-time,14.9,4.1,(958) 770-8125
EMP-1637,Sharon,Young,Legal,Paralegal,2017-05-01,35000,49,Female,Full-time,8.7,1.1,(518) 522-7940
EMP-1638,Timothy,Young,Customer Support,Support Team Lead,2022-01-21,35629,23,Female,Full-time,3.9,4.9,(396) 718-1473
EMP-1639,Ryan,Rodriguez,Finance,Senior Accountant,2015-10-16,56106,47,Female,Full-time,10.2,4.4,(388) 988-7860
EMP-1640,Amanda,Hall,HR,HR Coordinator,2012-06-07,52129,47,Female,Full-time,13.6,4.7,(209) 911-7971
EMP-1641,Charles,Lopez,Sales,Account Executive,2013-05-31,49826,40,Male,Part-time,12.6,2.7,(689) 910-8765
EMP-1642,Michelle,Sanchez,Marketing,SEO Specialist,2023-10-03,65982,26,Male,Full-time,2.2,3.8,(302) 294-7103
EMP-1643,Jonathan,Taylor,Legal,Paralegal,2010-02-20,82447,56,Male,Full-time,15.9,2.9,(728) 605-8883
EMP-1644,Amy,Scott,Marketing,Content Strategist,2011-10-11,35000,33,Female,Part-time,14.2,4.7,(213) 479-8309
EMP-1645,Sarah,Rivera,Legal,Compliance Officer,2013-09-06,50695,62,Female,Full-time,12.3,1.6,(313) 368-1876
EMP-1646,Anthony,King,HR,Recruiter,2020-09-26,78176,43,Non-binary,Part-time,5.3,4.5,(745) 249-8556
EMP-1647,George,Green,Marketing,SEO Specialist,2015-12-09,97808,54,Male,Full-time,10.1,1.5,(887) 770-4810
EMP-1648,Jonathan,Lee,HR,HR Business Partner,2016-01-08,133963,25,Female,Full-time,10.0,3.6,(492) 867-8654
EMP-1649,Amanda,Mitchell,Marketing,Content Strategist,2011-09-21,86800,29,Male,Full-time,14.3,1.6,(930) 658-5677
EMP-1650,Larry,Flores,Customer Support,Technical Support,2011-11-27,35101,50,Male,Full-time,14.1,3.7,(860) 856-3725
EMP-1651,Eric,Hernandez,Engineering,Senior Engineer,2022-06-14,91267,56,Female,Full-time,3.5,4.3,(686) 562-1206
EMP-1652,Brenda,Brown,Sales,Sales Analyst,2018-09-06,83889,37,Non-binary,Full-time,7.3,1.1,(823) 435-6324
EMP-1653,Brenda,Allen,Marketing,SEO Specialist,2023-12-31,58005,36,Female,Full-time,2.0,4.5,(212) 236-2701
EMP-1654,Angela,Jones,Legal,Contract Specialist,2020-08-20,62634,54,Female,Full-time,5.4,5.0,(485) 460-5167
EMP-1655,Timothy,Taylor,HR,HR Manager,2011-03-15,127815,56,Male,Contract,14.8,4.5,(904) 267-8784
EMP-1656,Margaret,Lewis,Sales,Sales Associate,2024-05-24,42981,65,Non-binary,Full-time,1.6,2.0,(810) 326-3409
EMP-1657,Larry,Robinson,HR,Benefits Specialist,2018-08-29,35000,61,Non-binary,Contract,7.3,2.7,(800) 740-9429
EMP-1658,Karen,Carter,Engineering,Staff Engineer,2017-01-20,63254,52,Female,Full-time,8.9,2.1,(660) 897-3253
EMP-1659,Paul,Harris,Finance,Financial Analyst,2012-01-04,68660,60,Non-binary,Part-time,14.0,3.8,(379) 474-3165
EMP-1660,Anthony,Scott,Finance,Controller,2020-01-31,56723,32,Male,Full-time,5.9,4.9,(861) 875-9191
EMP-1661,Patricia,Sanchez,Marketing,Brand Analyst,2014-09-18,72520,33,Non-binary,Contract,11.3,4.7,(928) 791-4474
EMP-1662,Lisa,Martinez,Sales,Sales Associate,2012-08-16,81162,22,Male,Full-time,13.4,1.3,(734) 595-8558
EMP-1663,Sharon,Harris,Sales,Sales Associate,2010-09-02,89269,54,Non-binary,Contract,15.3,3.7,(771) 892-8878
EMP-1664,Deborah,Davis,Engineering,DevOps Engineer,2011-11-16,84148,40,Male,Full-time,14.1,1.2,(941) 440-5740
EMP-1665,Kevin,Adams,Finance,Financial Analyst,2023-03-24,97833,54,Male,Part-time,2.8,2.1,(969) 984-3265
EMP-1666,Matthew,Lee,HR,HR Manager,2023-03-16,96780,42,Male,Full-time,2.8,1.8,(991) 217-8488
EMP-1667,Stephanie,Lopez,Engineering,Staff Engineer,2016-04-04,36567,43,Non-binary,Contract,9.7,2.5,(276) 539-1320
EMP-1668,Jennifer,Ramirez,Legal,Contract Specialist,2019-06-20,78392,39,Non-binary,Part-time,6.5,4.7,(506) 288-2479
EMP-1669,Mark,Jackson,Engineering,Engineering Manager,2022-02-24,77214,42,Male,Part-time,3.8,3.5,(805) 475-8691
EMP-1670,Jennifer,King,Engineering,Staff Engineer,2022-08-07,46492,34,Female,Contract,3.4,1.6,(747) 943-7639
EMP-1671,Charles,Harris,Customer Support,Support Agent,2021-11-04,88437,36,Non-binary,Part-time,4.2,3.2,(732) 850-2938
EMP-1672,Nicholas,King,Customer Support,Technical Support,2011-08-19,119221,45,Female,Full-time,14.4,2.5,(279) 783-8446
EMP-1673,Ronald,Johnson,Finance,Accountant,2010-07-02,83618,27,Male,Part-time,15.5,4.5,(982) 567-8447
EMP-1674,Stephen,Torres,Marketing,Marketing Manager,2010-05-01,106429,41,Male,Contract,15.7,2.5,(342) 274-8552
EMP-1675,Timothy,Perez,Operations,Operations Analyst,2020-04-30,70583,53,Female,Full-time,5.7,3.8,(887) 965-3260
EMP-1676,Eric,Jackson,Legal,Legal Assistant,2014-02-23,105706,26,Non-binary,Contract,11.9,1.6,(294) 823-7599
EMP-1677,Sarah,Ramirez,HR,Recruiter,2013-08-25,96314,31,Non-binary,Part-time,12.4,2.3,(801) 276-8360
EMP-1678,Michael,Rivera,HR,HR Business Partner,2015-12-23,100058,30,Non-binary,Full-time,10.0,2.5,(246) 526-8128
EMP-1679,Jonathan,Rodriguez,Engineering,DevOps Engineer,2013-03-05,94497,30,Female,Part-time,12.8,4.3,(927) 788-1295
EMP-1680,Michael,Jones,Legal,Legal Counsel,2017-09-04,73706,48,Male,Full-time,8.3,4.3,(485) 681-3910
EMP-1681,Jonathan,Hernandez,Operations,Operations Manager,2010-02-11,83135,25,Male,Part-time,15.9,3.1,(729) 387-3636
EMP-1682,Kimberly,Rivera,Customer Support,Senior Support Agent,2012-01-09,84691,30,Non-binary,Full-time,14.0,1.0,(267) 260-6757
EMP-1683,Linda,Garcia,Sales,Sales Analyst,2018-05-04,74615,22,Non-binary,Full-time,7.7,4.4,(311) 872-2411
EMP-1684,Kevin,Lopez,Legal,Paralegal,2010-12-24,81516,45,Female,Full-time,15.0,4.3,(339) 404-1718
EMP-1685,John,Robinson,Sales,Regional Director,2023-04-26,120607,42,Non-binary,Full-time,2.7,1.0,(695) 462-2419
EMP-1686,Jonathan,Torres,HR,Benefits Specialist,2017-05-04,80187,40,Non-binary,Contract,8.7,2.9,(807) 768-4495
EMP-1687,Edward,Thompson,Marketing,Brand Analyst,2015-10-08,110647,39,Female,Full-time,10.2,2.7,(950) 290-9432
EMP-1688,Christopher,Walker,Finance,Senior Accountant,2022-01-28,84825,27,Male,Full-time,3.9,2.0,(246) 357-6763
EMP-1689,Stephanie,Anderson,Marketing,Marketing Coordinator,2020-07-03,116753,40,Male,Full-time,5.5,2.8,(736) 982-4964
EMP-1690,Amanda,Martinez,Legal,Legal Assistant,2011-05-11,119983,47,Female,Full-time,14.6,4.0,(658) 398-9977
EMP-1691,Mark,Rivera,HR,HR Business Partner,2022-02-26,35000,54,Male,Contract,3.8,2.2,(381) 525-4733
EMP-1692,Ronald,Green,HR,HR Manager,2013-02-03,96547,56,Female,Part-time,12.9,4.7,(921) 251-7446
EMP-1693,Timothy,Lewis,Operations,Operations Manager,2011-10-18,81619,45,Female,Full-time,14.2,1.8,(387) 946-1159
EMP-1694,John,Wright,Operations,Operations Manager,2012-05-27,36248,24,Non-binary,Full-time,13.6,3.7,(814) 304-4826
EMP-1695,Richard,Garcia,Sales,Regional Director,2021-05-20,76612,46,Male,Contract,4.6,4.9,(219) 345-6382
EMP-1696,Donna,Rivera,Customer Support,Support Manager,2011-03-19,70557,65,Male,Part-time,14.8,3.9,(579) 439-6163
EMP-1697,Andrew,Hall,Sales,Account Executive,2010-01-06,60493,27,Non-binary,Full-time,16.0,1.7,(521) 779-6854
EMP-1698,Linda,Smith,Marketing,Marketing Manager,2011-02-20,65408,27,Non-binary,Full-time,14.9,4.6,(555) 870-5253
EMP-1699,Jacob,Green,Operations,Operations Analyst,2019-10-29,95548,40,Male,Part-time,6.2,1.4,(653) 921-4133
EMP-1700,Thomas,Robinson,Engineering,Staff Engineer,2023-03-26,71024,65,Male,Full-time,2.8,1.2,(602) 494-4542
EMP-1701,Kenneth,Roberts,Engineering,Senior Engineer,2022-12-26,79445,29,Male,Full-time,3.0,2.4,(232) 419-8019
EMP-1702,Jennifer,Allen,HR,HR Coordinator,2011-08-13,64371,56,Male,Full-time,14.4,5.0,(544) 830-3855
EMP-1703,Brenda,Thompson,Operations,Logistics Coordinator,2018-05-21,107788,65,Non-binary,Full-time,7.6,1.6,(570) 597-2157
EMP-1704,John,Brown,Legal,Contract Specialist,2022-10-09,79909,58,Non-binary,Part-time,3.2,4.8,(760) 260-2207
EMP-1705,Brenda,Harris,Customer Support,Support Manager,2015-11-23,75403,24,Non-binary,Full-time,10.1,5.0,(712) 473-3053
EMP-1706,Margaret,Nelson,Finance,Controller,2016-06-25,35000,41,Female,Full-time,9.5,1.1,(602) 702-8511
EMP-1707,Ronald,Carter,Marketing,SEO Specialist,2017-05-11,43679,22,Male,Full-time,8.6,3.5,(211) 274-9081
EMP-1708,Margaret,Harris,Operations,Operations Manager,2012-12-01,79787,47,Non-binary,Full-time,13.1,1.7,(262) 842-4060
EMP-1709,Karen,Anderson,Finance,Senior Accountant,2017-06-04,85808,28,Male,Full-time,8.6,3.9,(232) 785-1652
EMP-1710,Rebecca,Baker,Engineering,Staff Engineer,2015-06-25,35000,22,Non-binary,Part-time,10.5,3.0,(448) 214-3481
EMP-1711,Joseph,Garcia,Legal,Contract Specialist,2019-12-17,35000,36,Male,Contract,6.0,4.7,(488) 894-6480
EMP-1712,Gary,Perez,Customer Support,Support Team Lead,2022-09-08,103573,33,Non-binary,Part-time,3.3,2.2,(604) 247-4783
EMP-1713,Steven,Clark,Marketing,Marketing Coordinator,2013-03-04,92566,51,Female,Full-time,12.8,3.1,(279) 461-8568
EMP-1714,Cynthia,Johnson,Marketing,Marketing Coordinator,2019-12-24,94327,29,Male,Full-time,6.0,3.9,(763) 206-3964
EMP-1715,Matthew,Ramirez,Marketing,Marketing Coordinator,2024-07-06,87408,60,Non-binary,Full-time,1.5,1.3,(737) 327-9556
EMP-1716,Eric,Campbell,Engineering,Staff Engineer,2022-09-07,35637,28,Non-binary,Part-time,3.3,1.8,(580) 540-2336
EMP-1717,Kevin,Torres,Customer Support,Support Manager,2013-10-03,92407,28,Female,Contract,12.2,3.1,(925) 251-6565
EMP-1718,Steven,Walker,Finance,Financial Analyst,2022-04-13,63760,46,Non-binary,Part-time,3.7,4.6,(721) 482-6434
EMP-1719,Michelle,Brown,Sales,Sales Analyst,2013-02-05,65860,32,Non-binary,Part-time,12.9,1.7,(255) 381-4502
EMP-1720,Donna,Wright,Marketing,Content Strategist,2013-01-13,83224,64,Male,Full-time,13.0,2.1,(485) 870-4463
EMP-1721,Thomas,Mitchell,Sales,Sales Associate,2019-06-15,72069,45,Non-binary,Contract,6.5,3.8,(917) 210-3073
EMP-1722,Mary,Rodriguez,Engineering,Senior Engineer,2011-02-20,110600,39,Male,Full-time,14.9,1.5,(649) 709-6884
EMP-1723,Thomas,Hall,Sales,Account Executive,2018-05-14,60150,34,Male,Full-time,7.6,3.0,(627) 543-1770
EMP-1724,Edward,Taylor,Legal,Legal Counsel,2010-01-24,83558,65,Non-binary,Contract,15.9,1.9,(650) 667-8530
EMP-1725,Dorothy,Sanchez,Sales,Sales Analyst,2022-01-19,74156,36,Male,Full-time,3.9,3.7,(867) 365-2468
EMP-1726,Rebecca,Baker,Sales,Regional Director,2016-09-11,79783,46,Male,Contract,9.3,4.0,(743) 423-2955
EMP-1727,Patricia,Taylor,Finance,Controller,2016-03-10,69588,26,Non-binary,Part-time,9.8,2.6,(354) 781-2329
EMP-1728,Betty,Davis,Legal,Contract Specialist,2010-04-25,98955,54,Female,Part-time,15.7,4.4,(602) 671-1664
EMP-1729,Deborah,Anderson,Legal,Legal Counsel,2011-11-21,83774,58,Non-binary,Part-time,14.1,2.4,(261) 510-5701
EMP-1730,Paul,Martin,Engineering,Engineering Manager,2019-09-05,112684,47,Non-binary,Full-time,6.3,3.9,(781) 626-6632
EMP-1731,Mary,Martin,Legal,Legal Counsel,2020-03-05,70166,34,Male,Full-time,5.8,2.5,(644) 320-2449
EMP-1732,Donna,Martinez,HR,Recruiter,2019-03-21,105514,64,Female,Contract,6.8,3.8,(472) 889-3478
EMP-1733,Richard,Baker,Engineering,DevOps Engineer,2021-01-21,110703,60,Non-binary,Contract,4.9,1.4,(837) 617-3416
EMP-1734,Steven,Campbell,HR,HR Coordinator,2024-10-04,52931,60,Male,Full-time,1.2,3.2,(445) 337-5615
EMP-1735,Gary,Lopez,Operations,Operations Analyst,2018-03-07,64463,56,Male,Full-time,7.8,2.0,(407) 235-4946
EMP-1736,Elizabeth,Garcia,Operations,Facilities Coordinator,2021-03-15,143911,47,Female,Full-time,4.8,4.5,(997) 945-7396
EMP-1737,Andrew,Young,Operations,Supply Chain Analyst,2019-01-02,87245,59,Non-binary,Full-time,7.0,3.9,(850) 543-4266
EMP-1738,Timothy,Thomas,Legal,Compliance Officer,2022-08-28,94840,52,Female,Contract,3.3,4.1,(591) 265-8059
EMP-1739,Anthony,Moore,Marketing,Marketing Coordinator,2013-12-21,73893,43,Female,Full-time,12.0,1.1,(914) 208-6440
EMP-1740,Michelle,Allen,Sales,Sales Manager,2014-02-27,56807,47,Female,Contract,11.8,2.5,(509) 657-3977
EMP-1741,Joseph,Thomas,Engineering,Engineering Manager,2016-03-12,62478,30,Male,Full-time,9.8,4.1,(802) 321-5353
EMP-1742,Nancy,Harris,Sales,Sales Manager,2011-03-08,109732,64,Non-binary,Full-time,14.8,2.0,(361) 625-2906
EMP-1743,Kenneth,Roberts,Operations,Operations Manager,2014-10-15,64591,25,Female,Contract,11.2,2.7,(873) 988-8502
EMP-1744,Mark,Miller,Engineering,Software Engineer,2021-12-24,70028,63,Non-binary,Full-time,4.0,4.7,(345) 323-2300
EMP-1745,Melissa,Campbell,Customer Support,Support Agent,2022-06-29,63257,39,Female,Full-time,3.5,1.8,(873) 486-3887
EMP-1746,Sharon,Allen,Customer Support,Support Team Lead,2015-12-28,52950,65,Male,Full-time,10.0,3.0,(858) 367-1414
EMP-1747,Shirley,Clark,Operations,Logistics Coordinator,2014-12-29,44454,50,Female,Part-time,11.0,1.5,(640) 609-6307
EMP-1748,Edward,Gonzalez,Finance,Finance Manager,2010-01-28,73399,29,Male,Full-time,15.9,4.3,(649) 749-2030
EMP-1749,Patricia,White,Operations,Facilities Coordinator,2024-10-06,83796,24,Male,Full-time,1.2,4.7,(695) 898-3919
EMP-1750,Thomas,Jones,HR,Recruiter,2017-03-04,43525,51,Male,Part-time,8.8,1.1,(508) 432-3022
EMP-1751,Margaret,Carter,Legal,Legal Assistant,2024-01-28,35000,27,Female,Full-time,1.9,4.6,(403) 324-4245
EMP-1752,Ronald,Flores,Operations,Operations Manager,2013-06-16,77488,55,Non-binary,Full-time,12.5,3.4,(390) 789-8940
EMP-1753,Ashley,Thompson,Marketing,SEO Specialist,2023-10-21,59644,44,Non-binary,Full-time,2.2,4.6,(351) 373-3470
EMP-1754,Jacob,Anderson,Finance,Controller,2023-07-14,84422,60,Female,Full-time,2.5,4.1,(430) 332-4713
EMP-1755,Ryan,Ramirez,Sales,Sales Analyst,2017-11-07,93294,24,Female,Part-time,8.1,1.4,(250) 764-8522
EMP-1756,Jennifer,Allen,Marketing,Marketing Manager,2023-08-14,77993,53,Non-binary,Full-time,2.4,4.3,(404) 590-1632
EMP-1757,Richard,Smith,Customer Support,Support Agent,2013-07-01,62673,47,Male,Full-time,12.5,3.6,(766) 427-3996
EMP-1758,Barbara,Young,Legal,Compliance Officer,2021-12-24,80231,38,Female,Part-time,4.0,4.0,(334) 348-4437
EMP-1759,Margaret,Hall,Marketing,Content Strategist,2013-08-15,46957,54,Male,Full-time,12.4,4.0,(499) 459-3522
EMP-1760,George,Scott,Marketing,Content Strategist,2014-01-03,54881,44,Non-binary,Full-time,12.0,1.8,(871) 250-7383
EMP-1761,Ashley,Green,Customer Support,Senior Support Agent,2011-07-01,88668,63,Male,Contract,14.5,1.2,(606) 900-9057
EMP-1762,Emily,Miller,Finance,Financial Analyst,2020-11-21,55353,64,Female,Full-time,5.1,3.6,(531) 352-1222
EMP-1763,Elizabeth,Anderson,Legal,Legal Counsel,2019-01-01,120201,64,Male,Contract,7.0,4.1,(879) 608-4755
EMP-1764,Nicholas,Nelson,Operations,Supply Chain Analyst,2011-06-03,69595,42,Male,Full-time,14.6,2.3,(782) 274-3855
EMP-1765,David,White,Sales,Regional Director,2016-01-02,35000,26,Male,Contract,10.0,4.1,(889) 550-6405
EMP-1766,Ryan,Moore,Engineering,DevOps Engineer,2025-01-14,53453,27,Male,Contract,1.0,2.3,(760) 708-6861
EMP-1767,Nancy,Brown,Customer Support,Support Agent,2013-01-28,63811,23,Female,Full-time,12.9,2.7,(362) 882-1244
EMP-1768,Elizabeth,Flores,Customer Support,Support Agent,2013-01-18,93109,64,Male,Contract,13.0,2.0,(933) 640-7611
EMP-1769,Cynthia,Wright,Customer Support,Support Manager,2010-10-25,86461,58,Non-binary,Part-time,15.2,1.9,(368) 636-9037
EMP-1770,Kathleen,Anderson,Sales,Sales Analyst,2014-02-27,52037,30,Male,Part-time,11.8,4.8,(912) 790-9690
EMP-1771,Larry,Flores,Customer Support,Technical Support,2019-06-06,84453,44,Male,Full-time,6.6,4.8,(901) 785-6058
EMP-1772,Betty,Davis,Sales,Regional Director,2017-05-17,98410,41,Non-binary,Contract,8.6,3.5,(386) 438-3042
EMP-1773,Christopher,Williams,Marketing,Marketing Coordinator,2023-02-23,132409,26,Female,Full-time,2.9,4.1,(697) 587-5461
EMP-1774,Joshua,Torres,Customer Support,Support Team Lead,2020-10-06,74704,22,Female,Contract,5.2,2.9,(513) 516-9925
EMP-1775,Sharon,Young,Legal,Compliance Officer,2022-11-03,73816,50,Non-binary,Part-time,3.2,4.7,(291) 629-4298
EMP-1776,Deborah,Thompson,Legal,Paralegal,2015-10-06,99998,43,Female,Full-time,10.2,3.8,(681) 403-1616
EMP-1777,Deborah,Moore,Legal,Legal Assistant,2014-03-08,80263,51,Female,Full-time,11.8,1.4,(850) 779-6867
EMP-1778,Sarah,Torres,Legal,Legal Counsel,2017-03-15,97915,35,Female,Full-time,8.8,1.7,(558) 312-3646
EMP-1779,Shirley,Hernandez,Customer Support,Support Manager,2025-02-15,82373,35,Female,Full-time,0.9,1.9,(280) 521-5751
EMP-1780,Shirley,Flores,Operations,Facilities Coordinator,2018-10-29,97848,44,Female,Full-time,7.2,2.2,(538) 971-5288
EMP-1781,Donna,Mitchell,Finance,Senior Accountant,2015-10-10,62921,26,Female,Contract,10.2,1.5,(783) 817-5007
EMP-1782,Ashley,Rivera,HR,HR Business Partner,2022-12-21,67849,50,Female,Part-time,3.0,2.1,(738) 977-3807
EMP-1783,Christopher,Anderson,Engineering,DevOps Engineer,2017-05-12,106909,54,Female,Full-time,8.6,3.4,(688) 940-4580
EMP-1784,Larry,Adams,HR,HR Coordinator,2015-08-04,77517,32,Non-binary,Part-time,10.4,1.5,(907) 377-2886
EMP-1785,Kathleen,Carter,Engineering,Engineering Manager,2017-05-01,76917,41,Non-binary,Full-time,8.7,1.8,(845) 926-7763
EMP-1786,Melissa,Perez,Customer Support,Technical Support,2012-12-16,78475,30,Female,Full-time,13.0,3.3,(511) 590-2050
EMP-1787,Christopher,Campbell,Finance,Controller,2011-03-24,75830,23,Male,Full-time,14.8,1.4,(997) 317-4342
EMP-1788,Cynthia,Perez,Legal,Compliance Officer,2021-11-10,57593,60,Female,Part-time,4.1,4.9,(768) 640-2292
EMP-1789,Margaret,Jones,HR,HR Business Partner,2022-05-24,89107,41,Male,Full-time,3.6,3.8,(606) 597-4625
EMP-1790,William,Jones,Finance,Controller,2022-05-09,91155,45,Male,Full-time,3.6,4.3,(361) 886-3223
EMP-1791,John,Thomas,Finance,Senior Accountant,2020-04-05,80032,40,Male,Full-time,5.7,2.6,(871) 310-1306
EMP-1792,Kenneth,Anderson,Customer Support,Technical Support,2019-04-29,72988,54,Non-binary,Part-time,6.7,4.1,(753) 228-1535
EMP-1793,Kevin,Rivera,Marketing,Brand Analyst,2016-04-17,37582,46,Non-binary,Full-time,9.7,1.6,(869) 291-8983
EMP-1794,Jacob,Jackson,Sales,Regional Director,2015-11-29,96186,34,Female,Full-time,10.1,1.6,(749) 575-1768
EMP-1795,Charles,Hernandez,HR,HR Manager,2018-10-07,74141,43,Male,Part-time,7.2,4.0,(947) 971-3612
EMP-1796,Betty,Gonzalez,Marketing,Brand Analyst,2013-06-09,75917,61,Male,Full-time,12.6,2.3,(787) 310-4531
EMP-1797,Anthony,Smith,Finance,Financial Analyst,2014-12-03,71704,34,Female,Part-time,11.1,2.9,(269) 951-3012
EMP-1798,Ryan,Robinson,Operations,Operations Analyst,2019-10-25,92904,49,Non-binary,Full-time,6.2,4.0,(522) 455-1928
EMP-1799,Daniel,Moore,Operations,Logistics Coordinator,2011-04-05,97203,27,Male,Full-time,14.7,3.9,(769) 988-5232
EMP-1800,Eric,Hernandez,Finance,Financial Analyst,2014-11-11,62272,39,Male,Full-time,11.1,1.5,(503) 669-2115
EMP-1801,Robert,Garcia,Customer Support,Senior Support Agent,2013-08-31,35000,64,Male,Full-time,12.3,1.2,(582) 259-8198
EMP-1802,Edward,Taylor,Customer Support,Support Agent,2020-09-06,55816,63,Female,Part-time,5.3,1.4,(815) 387-5320
EMP-1803,Michael,Harris,Operations,Facilities Coordinator,2015-02-06,52945,56,Female,Full-time,10.9,4.2,(680) 844-3430
EMP-1804,Amanda,Allen,Sales,Account Executive,2013-06-28,38363,42,Non-binary,Full-time,12.5,2.5,(976) 746-5616
EMP-1805,Paul,Allen,Marketing,Content Strategist,2020-11-20,48803,37,Non-binary,Full-time,5.1,2.8,(987) 278-4052
EMP-1806,Richard,Rodriguez,Sales,Sales Associate,2011-01-22,35000,29,Male,Full-time,14.9,3.8,(904) 766-7814
EMP-1807,Michael,Nelson,Sales,Regional Director,2011-02-10,62450,53,Female,Full-time,14.9,4.2,(430) 812-3474
EMP-1808,Dorothy,Miller,HR,HR Business Partner,2013-12-30,53321,60,Male,Part-time,12.0,1.4,(379) 345-9064
EMP-1809,Deborah,Mitchell,HR,Recruiter,2014-12-10,122347,57,Female,Full-time,11.1,1.7,(569) 496-3451
EMP-1810,Christopher,Davis,Legal,Legal Counsel,2018-06-15,55442,65,Non-binary,Part-time,7.5,4.4,(396) 399-1024
EMP-1811,Brenda,Gonzalez,Finance,Senior Accountant,2016-08-08,116224,41,Female,Full-time,9.4,2.2,(731) 711-9332
EMP-1812,Brian,Smith,HR,HR Manager,2010-06-20,99154,32,Non-binary,Part-time,15.5,4.1,(900) 557-2169
EMP-1813,Kevin,Gonzalez,Customer Support,Support Manager,2015-10-10,76569,61,Non-binary,Full-time,10.2,2.6,(849) 873-4427
EMP-1814,Charles,Hill,Operations,Supply Chain Analyst,2015-03-26,97391,39,Female,Full-time,10.8,4.2,(363) 567-3516
EMP-1815,Robert,Clark,Sales,Regional Director,2017-11-01,126730,56,Male,Full-time,8.2,4.2,(337) 228-7043
EMP-1816,Charles,Martinez,HR,HR Coordinator,2011-08-08,130317,42,Female,Full-time,14.4,1.2,(805) 525-6174
EMP-1817,Stephanie,Anderson,Legal,Legal Counsel,2020-05-23,46402,64,Non-binary,Full-time,5.6,3.6,(376) 837-5860
EMP-1818,Nancy,Williams,Legal,Contract Specialist,2011-09-15,56882,43,Male,Contract,14.3,2.4,(399) 409-2752
EMP-1819,Mark,Adams,Engineering,Software Engineer,2016-02-12,45121,58,Non-binary,Full-time,9.9,3.8,(360) 265-2371
