PassengerId,Survived,Pclass,Name,Sex,Age,SibSp,Parch,Ticket,Fare,Cabin,Embarked
1,1,3,"Walker, Mrs. Mary",female,3.0,0,1,KXV42,27.1998,,C
2,0,2,"Thomas, Mr. Sophia",male,,1,3,DM8R6,7.2377,,S
3,0,3,"Thomas, Mr. Sophia",male,28.9,0,0,8C35K,10.1149,A141,S
4,1,3,"White, Mrs. Mary",female,42.0,1,0,UZEI13,18.5727,,S
5,1,1,"Thompson, Mrs. Madison",female,18.2,0,1,655IY,109.3405,,S
6,0,3,"Anderson, Mr. James",male,52.2,1,0,HCRZH,31.4834,F61,S
7,0,3,"Evans, Dr. Lucas",male,19.4,0,1,JH3GK,13.8632,,S
8,0,3,"Jackson, Mr. Avery",male,,0,0,H7HRUJ,8.5379,,S
9,0,1,"Thomas, Mr. Mason",male,50.5,8,1,GRAPNM,217.3437,,S
10,0,3,"Allen, Rev. Michael",male,32.0,1,0,9AFD9,0.0,,S
11,0,2,"Mitchell, Mr. Jackson",male,21.3,1,0,P1BCGY,15.134,,C
12,0,3,"Clark, Mr. Charlotte",male,26.8,2,0,W55JGF2Y,3.9799,F30,S
13,0,3,"King, Mr. Logan",male,47.9,0,0,S9632E08,25.0796,,S
14,0,3,"Jones, Mrs. Avery",female,49.5,0,1,3MH0FR,0.0,,S
15,1,2,"Walker, Mrs. Madison",female,17.6,0,6,FF71QO80,37.7322,,C
16,0,1,"Brown, Mr. Mary",male,28.4,0,0,DT0BSC6Y,102.6544,,S
17,0,3,"Miller, Mr. Sofia",male,30.3,0,0,SD2HV,0.0,,S
18,0,1,"Young, Mr. Noah",male,15.2,2,0,F9NEZ,154.4634,,S
19,0,3,"Anderson, Mr. Logan",male,28.2,0,0,V3YII,8.3219,,S
20,1,3,"Johnson, Mrs. Sofia",female,29.1,0,0,WYSOC,14.552,,S
21,0,3,"Wilson, Miss. Patricia",female,,0,1,XWDKKV25,19.2859,,S
22,0,2,"Nelson, Miss. Sebastian",female,45.9,0,1,NO0LO2T,0.0,,C
23,0,3,"Young, Miss. Patricia",female,24.4,0,0,0KC2QL,16.0127,,Q
24,1,3,"Lopez, Mrs. Jessica",female,26.0,0,0,70JVQ,23.9712,C123,S
25,1,3,"Edwards, Miss. Elizabeth",female,,0,0,LC975L,18.7098,,S
26,0,1,"Lopez, Dr. Jayden",male,20.8,0,0,J3DLU8JP,25.2563,F59,S
27,1,3,"Turner, Mr. Linda",male,37.2,1,0,RYPAKUAI,18.7456,D117,S
28,0,1,"Thompson, Mr. Ethan",male,,0,0,AIWUHC6T,170.4511,,S
29,0,1,"Johnson, Mr. Elizabeth",male,15.4,1,0,CHC91TY,35.6932,,C
30,0,3,"Garcia, Mr. Emily",male,15.6,0,0,9SS8D,0.0,,S
31,1,3,"Hernandez, Miss. Robert",female,49.3,0,0,DPJQZK,41.7221,E64,S
32,0,3,"Martinez, Mr. Emma",male,26.8,0,0,FZU96,6.6822,,S
33,0,2,"Davis, Mr. Abigail",male,52.0,3,0,0DD2O,0.0,,Q
34,0,2,"Lopez, Mr. Avery",male,21.8,0,0,ASL9Y1K6,20.1317,,S
35,0,3,"Edwards, Mr. Jackson",male,33.1,0,1,2R7YC5AY,24.672,,C
36,1,1,"Anderson, Mr. Mason",male,62.5,0,0,603ZU,238.0768,A92,C
37,1,1,"Taylor, Mrs. Isabella",female,14.2,1,0,KTKE5RB3,0.0,F9,S
38,0,3,"Collins, Mr. Jessica",male,2.4,0,0,XL40KL98,10.2149,,S
39,1,1,"Anderson, Mrs. Susan",female,47.0,0,0,BIMT54J,6.405,,S
40,0,3,"Perez, Mr. Ryan",male,17.4,1,0,JI6A3,17.8253,,S
41,0,2,"Sanchez, Mr. Evelyn",male,28.7,0,1,DYUAIMH,24.1756,,S
42,0,3,"Parker, Mr. Jack",male,20.8,0,0,WGEXQJJ,0.0,E47,S
43,0,3,"Perez, Miss. Olivia",female,32.8,0,0,44TMH,12.0587,,S
44,1,2,"Young, Miss. Sophia",female,,0,0,7D3KJ3,0.0,B87,C
45,0,3,"Taylor, Mr. Mason",male,26.5,3,1,9JVKGNCF,15.4598,,S
46,0,3,"Hall, Mrs. Ella",female,35.3,0,1,YJU16UI,23.5727,,S
47,0,2,"King, Mr. David",male,14.9,0,0,GFMLFB8,31.9938,,S
48,1,2,"Collins, Mrs. Mia",female,19.2,0,0,ZC2N0RI,0.0,,S
49,0,3,"Jones, Mr. Elizabeth",male,24.1,0,0,F3P23G,25.9935,,S
50,0,1,"Davis, Mr. Victoria",male,9.0,1,0,EA9XQH,273.3428,C7,S
51,1,1,"Smith, Mrs. Mary",female,23.1,0,0,TIAQS2O,91.989,,C
52,1,1,"Carter, Mr. Ethan",male,,1,0,5OZBB,198.0236,,S
53,0,3,"Jones, Mr. Owen",male,23.4,0,1,2I28X,2.9645,,C
54,0,3,"Campbell, Mr. Mary",male,,0,0,702VHDNR,16.702,C105,S
55,0,3,"White, Mr. Abigail",male,,0,0,DSR88W,26.502,,S
56,1,3,"Moore, Mrs. Robert",female,19.8,1,0,L87EZQJO,24.4306,C128,C
57,0,3,"Edwards, Mrs. Charles",female,38.7,0,0,7MQS0RO7,11.5138,,S
58,1,3,"Baker, Miss. Sarah",female,49.1,0,0,JLLTXE,22.6332,,S
59,0,1,"Perez, Mr. Mia",male,,1,0,JEYH18Y1,161.0862,D18,C
60,0,1,"Phillips, Mr. Jack",male,35.8,0,1,MWM5QR,176.941,,S
61,0,3,"Adams, Mr. Ava",male,,0,0,GU11IBG,5.3761,,S
62,0,3,"Sanchez, Dr. Emma",male,34.1,0,0,JCV5IBFE,6.0124,,S
63,0,3,"Jackson, Mr. Robert",male,,1,0,GWITO,22.2164,,S
64,1,3,"Collins, Mrs. Sebastian",female,36.1,0,0,XV6HSOT,12.5364,,
65,0,3,"Green, Miss. Thomas",female,4.2,0,4,L72PD,1.492,,C
66,1,3,"Evans, Miss. Ava",female,35.4,0,0,KLDKHBV,0.0,,S
67,0,3,"Edwards, Mr. Robert",male,46.3,0,0,EBDT3LED,22.1501,B64,S
68,0,2,"Perez, Mr. Jessica",male,25.9,0,0,MMI6NZ0,22.8872,,S
69,0,1,"Thompson, Mr. Charlotte",male,42.9,0,4,I65OF,122.3706,,S
70,0,2,"Evans, Mr. Sebastian",male,19.3,0,0,8YCZFK,20.1809,,C
71,0,1,"Collins, Mr. Sarah",male,8.2,0,0,MZF5VL,81.9385,,S
72,0,2,"Miller, Mr. Amelia",male,31.0,1,0,ROA94G82,39.3399,F44,S
73,1,3,"Sanchez, Mr. Jackson",male,4.4,0,0,7UYGDS,11.1224,,S
74,1,1,"Allen, Miss. Charles",female,25.6,0,0,9D1V59,187.7301,,C
75,0,1,"Adams, Mr. Jessica",male,47.0,1,0,NZFRJJUE,0.0,,S
76,1,2,"Edwards, Miss. John",female,2.3,1,0,OIU1VDU,12.8684,,S
77,0,2,"Thomas, Mr. Jack",male,11.1,0,0,YPDELW0,36.7706,,C
78,0,3,"Edwards, Mr. Jennifer",male,14.6,0,0,LPB2MSQ,24.3468,,S
79,0,3,"Wright, Mr. Elizabeth",male,28.1,0,1,G8E7ED,10.9499,,S
80,0,3,"Jones, Mr. Linda",male,23.9,0,0,861RDVS0,11.4881,C100,C
81,0,3,"Robinson, Mr. Avery",male,48.6,0,0,CV47U,17.6029,,C
82,1,2,"Miller, Mr. Charles",male,42.4,0,0,QSWINT,20.8912,,S
83,0,3,"Evans, Miss. Avery",female,35.9,0,5,21HOT8M7,19.4059,,C
84,0,1,"Nelson, Mr. Evelyn",male,31.0,0,0,WZ2ZYNP,20.4856,,S
85,0,1,"Campbell, Mr. James",male,34.5,0,0,4X9YOUW,125.0715,,Q
86,0,1,"Allen, Rev. Jessica",male,16.9,0,1,JIHCY8WC,127.5862,,S
87,0,3,"Lopez, Mr. James",male,41.0,0,0,6BWP7S,25.8346,,S
88,0,3,"Gonzalez, Mr. Patricia",male,13.4,1,0,03SZ2SZ,15.0469,,S
89,1,1,"Evans, Mr. Ava",male,40.7,1,0,MAYJ38,107.6919,,C
90,1,3,"Davis, Mrs. Susan",female,45.6,0,0,JX1SSPLU,11.7378,,Q
91,1,1,"Phillips, Mrs. Robert",female,32.0,0,0,HBCUJQ8C,169.9924,,S
92,1,3,"Gonzalez, Mrs. Liam",female,26.5,0,0,HQYGD,0.4094,,S
93,0,2,"Young, Mr. Noah",male,34.6,0,0,2BWUD,32.6196,A113,S
94,0,2,"King, Mr. Ryan",male,1.0,1,1,KSEY2AT,12.3829,,S
95,1,2,"Jones, Mrs. Madison",female,33.2,0,0,A0TLRYX,19.3589,D34,C
96,0,3,"Davis, Mr. Emma",male,27.4,0,0,B2BXMCYT,14.8255,,S
97,0,2,"Wilson, Mr. Ava",male,28.3,0,1,NKWH3Y9,32.2396,,Q
98,0,1,"Nelson, Mr. Robert",male,38.9,0,0,VU4P7,99.6365,,Q
99,1,1,"Brown, Miss. Emma",female,28.0,0,1,4S7HJ,93.4568,,S
100,0,3,"Allen, Mr. Harper",male,13.0,0,0,TFXOFSZ,18.6806,,S
101,0,3,"Garcia, Miss. Mary",female,27.0,2,0,7VJ14,8.6931,,Q
102,1,3,"Nelson, Miss. Jack",female,29.9,0,0,2HFH5KL6,4.1837,,C
103,0,2,"Edwards, Mr. Isabella",male,30.6,0,0,OKKV0,3.8837,,S
104,1,3,"Lee, Miss. Aiden",female,31.3,0,1,BXTXQ1,7.0801,E54,S
105,1,3,"Anderson, Mr. Joseph",male,,0,1,10RLUWU,13.2071,,S
106,0,3,"Harris, Mr. Ethan",male,,0,4,MEP5Z10,14.6275,E7,C
107,0,2,"Scott, Mr. Karen",male,31.5,0,0,IZCIBPFN,20.5694,,S
108,1,2,"Baker, Mrs. Owen",female,47.1,1,1,BROPM,14.6996,,S
109,0,1,"Sanchez, Mr. Mia",male,4.7,0,0,AR4FF2,161.332,,C
110,0,3,"Young, Mr. Emily",male,31.5,0,2,J2LVUG1,40.585,,S
111,0,3,"Sanchez, Mr. David",male,20.8,0,0,H1W43L7,4.522,,S
112,0,1,"Anderson, Rev. Ryan",male,,0,1,MVTIH,151.7092,,S
113,0,2,"Anderson, Mr. David",male,16.3,0,0,5YT1I8EV,14.5618,,C
114,0,3,"Parker, Mr. Mary",male,,1,0,6IXFGO,17.6311,,S
115,1,1,"Hall, Mr. Olivia",male,54.8,0,0,KYU9KI6L,50.5153,A29,S
116,1,3,"Turner, Miss. Ethan",female,11.3,0,0,33C4W,22.2696,,Q
117,1,3,"Sanchez, Mr. Jack",male,,1,0,TIGEFU,2.9896,,S
118,0,3,"Harris, Mrs. Logan",female,,0,3,RAP040NX,22.9997,,S
119,0,2,"Hall, Mr. Charlotte",male,53.2,0,0,OTBA2,13.5712,,C
120,1,3,"Scott, Miss. Jack",female,,0,0,EVK98,8.1622,,S
121,0,3,"Martinez, Mr. Sophia",male,28.6,0,0,K5JI9YD5,30.7008,,Q
122,0,3,"Clark, Mr. Ava",male,,0,0,YPA2Y,19.2304,,C
123,1,1,"Baker, Miss. Barbara",female,15.8,1,0,W169UAMW,41.0988,,S
124,0,2,"Jones, Mr. Aiden",male,25.7,1,2,EO6L7,6.5129,,S
125,1,1,"Brown, Mr. Thomas",male,63.4,1,4,KI31W9DN,84.4152,,S
126,0,3,"Wilson, Miss. David",female,,5,0,C9ULIAV,19.7249,,S
127,1,2,"Young, Mrs. Karen",female,17.1,1,0,BOXPXZ8V,27.2026,F62,S
128,0,1,"Taylor, Mr. Evelyn",male,38.1,1,0,KFDD3BR,107.9545,,S
129,0,1,"Gonzalez, Mr. Joseph",male,,1,1,YC4PAE4,78.8808,,Q
130,1,3,"Miller, Miss. Charles",female,,1,0,1M8JI1LS,22.3554,D101,S
131,1,1,"Thomas, Mrs. Sarah",female,43.3,1,0,F7F9JPJ,89.9117,,C
132,0,3,"Smith, Miss. Evelyn",female,45.2,2,3,AGSY847,15.7664,,S
133,0,3,"Mitchell, Mr. Ella",male,,0,1,1M68SEBR,14.5096,A78,S
134,0,2,"Clark, Mrs. Sofia",female,22.4,0,0,T6TX16V,19.9703,,S
135,1,3,"Wilson, Mr. Linda",male,26.7,0,0,CXGNTCZ,12.0092,,S
136,1,1,"Walker, Mrs. Charles",female,39.5,1,0,SMMOBH,161.4132,,S
137,1,3,"Parker, Mr. Emily",male,34.5,0,0,ERFTXQ1J,8.4231,,S
138,1,3,"Perez, Mrs. Elizabeth",female,23.5,1,0,JSCJZ2J,16.7144,,C
139,1,3,"Phillips, Mr. Patricia",male,6.3,1,0,KK9XNQ,13.2344,,S
140,0,1,"Lee, Mr. Thomas",male,30.6,3,0,TN9KPAR,113.59,A73,S
141,1,3,"White, Miss. Sofia",female,44.1,0,0,9RFZX8SA,20.2942,,C
142,0,3,"Martin, Mr. Madison",male,12.2,1,0,Y2EQQJ4G,14.8387,,S
143,0,3,"Martin, Mrs. Michael",female,37.9,1,0,I9EUG,0.0,,S
144,0,3,"Campbell, Dr. Sofia",male,,2,2,TAIVAR,32.698,,S
145,0,3,"Miller, Mr. David",male,39.5,1,0,HFRZAM9,11.4392,,S
146,0,2,"Roberts, Mr. Scarlett",male,41.2,0,2,L0RO2B,28.3242,,S
147,0,2,"Campbell, Mr. Amelia",male,,0,0,N507EG6,54.4351,,S
148,0,3,"Roberts, Mr. Michael",male,6.4,0,0,3YRBCZ,7.6275,,S
149,0,2,"Sanchez, Mr. Charles",male,21.5,3,1,AH6WZ,5.9902,,S
150,0,1,"Roberts, Mr. Mason",male,41.4,0,0,UJPT960,19.3728,,S
151,1,3,"Johnson, Mrs. Olivia",female,21.4,1,0,3Y3CAPBM,17.8883,,Q
152,0,3,"Mitchell, Miss. Sofia",female,19.3,1,0,8XBW0,11.8175,,S
153,1,1,"Robinson, Miss. Scarlett",female,3.5,0,0,599DQ1,118.121,,S
154,0,3,"Evans, Mr. Mary",male,,0,0,RLPZA2,13.8118,,Q
155,0,1,"Jones, Mr. Owen",male,40.6,0,0,E1SLQSH,0.0,,S
156,0,3,"Parker, Dr. Sarah",male,39.8,1,0,WNQWSP8,16.7192,,S
157,1,2,"Hall, Mrs. Lucas",female,42.5,0,0,NZ3DV2CM,40.32,,S
158,1,3,"Garcia, Miss. Ava",female,,0,0,79VBA30G,15.7749,F87,C
159,0,3,"Robinson, Mr. Harper",male,25.6,1,0,F518E,15.2464,,S
160,1,3,"Johnson, Mrs. Charles",female,26.7,0,0,7T1VAPJ,19.6323,,S
161,1,1,"Jones, Dr. Logan",male,23.0,1,0,V7BLY,102.4291,D129,Q
162,0,3,"Walker, Dr. Michael",male,,0,0,EGA9R7,20.8115,,S
163,0,1,"Mitchell, Rev. Sebastian",male,36.8,0,0,M7JG2TP,0.0,,S
164,0,1,"Garcia, Mr. David",male,22.5,0,0,8K661FD,86.3987,,S
165,1,3,"Hernandez, Miss. Jackson",female,35.5,0,0,ZO9AN,7.1818,E3,S
166,1,2,"Lopez, Mrs. Mary",female,14.8,0,0,5EO586,41.4171,,C
167,0,3,"Perez, Mr. James",male,,1,0,FDORSBY,24.1723,,Q
168,0,3,"Smith, Dr. Robert",male,19.7,0,5,D6MIR8,2.3404,F95,S
169,1,2,"Sanchez, Miss. Charlotte",female,36.0,0,2,DYX580XM,6.9655,D80,S
170,1,3,"Lewis, Mrs. Susan",female,,0,0,798X82IB,26.8095,C68,S
171,0,2,"Edwards, Dr. Evelyn",male,34.4,0,0,P5KM3SYL,48.2676,,S
172,0,3,"Martin, Rev. Mason",male,30.3,2,0,R7RD085,10.9304,E115,C
173,0,2,"Lewis, Dr. Mary",male,29.2,0,1,9M4W9,16.4999,,S
174,1,3,"Jones, Mr. Mia",male,28.2,4,1,VYF1F3,22.1625,,S
175,1,1,"Campbell, Mrs. Scarlett",female,20.9,0,0,GRGCB,63.8193,C9,C
176,0,1,"Perez, Rev. Olivia",male,,0,0,RBEWL1,0.0,,Q
177,0,2,"Thompson, Miss. Owen",female,49.7,0,0,B8Y3RA5U,36.8791,,S
178,0,3,"Clark, Mr. Madison",male,27.5,0,1,FHNPP,13.8095,,C
179,0,3,"Roberts, Rev. Mary",male,18.0,1,1,7YW5JUXK,7.2319,E133,S
180,0,3,"Moore, Miss. Charlotte",female,21.8,0,0,ICL3NH5F,4.0353,,S
181,0,3,"Taylor, Mr. Karen",male,44.4,0,0,6LAP0,27.189,C48,S
182,0,3,"Thomas, Mr. Michael",male,,0,0,DKWXWM5C,21.4128,,C
183,1,3,"Green, Mrs. Theodore",female,36.8,0,0,7YPNPFHW,5.3737,,S
184,1,2,"Anderson, Mrs. Elizabeth",female,,2,2,RRC58IL,9.0403,,S
185,0,3,"Jones, Mr. Robert",male,37.0,3,0,AD6GU50,9.6987,E80,C
186,0,3,"Wilson, Mr. Elizabeth",male,20.0,1,0,FZO8XA,0.5897,,S
187,0,2,"Collins, Mr. Mason",male,25.4,1,0,0Z0IIH,17.7165,,S
188,1,1,"Turner, Mr. Evelyn",male,42.6,1,0,A3KRIP1,108.5967,,S
189,0,3,"Evans, Dr. Mason",male,41.2,0,1,UCGYU,2.5221,F120,C
190,0,2,"Hernandez, Mr. Ava",male,15.3,1,0,IHPE5JZ,24.6377,E55,S
191,1,3,"Harris, Mrs. Michael",female,17.0,0,1,XHKOE,0.0,,C
192,1,2,"Lewis, Mrs. Emma",female,30.5,1,0,1MUXW,19.4192,,S
193,1,1,"Walker, Mrs. David",female,,3,0,9WMK2PU,38.0369,,S
194,0,3,"Johnson, Mrs. Charlotte",female,2.2,0,0,IIBCWSKH,3.3717,,C
195,1,1,"Young, Mrs. Joseph",female,32.9,1,0,DZ6QRTD,109.2094,F33,S
196,1,1,"Johnson, Miss. Jayden",female,9.7,2,0,NQA5MC2,121.7287,,S
197,1,3,"Hernandez, Miss. Karen",female,20.1,0,0,SB9HIZLD,19.3457,,S
198,0,3,"Moore, Mr. Thomas",male,23.9,0,0,J5F60IU,10.988,,S
199,0,1,"King, Mr. Ryan",male,23.1,2,0,C3Q8HZ8M,140.7673,,S
200,0,2,"Phillips, Mr. Mia",male,21.5,3,0,OVWR7,0.0,,Q
201,0,3,"Scott, Mr. William",male,29.1,0,0,X87MK0S,0.0,,S
202,1,3,"Gonzalez, Mr. Ava",male,21.5,0,1,ZX6N1I,18.9338,,S
203,0,3,"Walker, Mr. Susan",male,8.5,1,2,D1D5832R,2.6914,,S
204,1,1,"Robinson, Rev. Ella",male,39.9,0,0,9T3ZZ,81.346,,S
205,0,1,"Davis, Mr. Amelia",male,39.5,0,1,PPVZHI,185.0843,,S
206,0,1,"Evans, Mr. Ella",male,40.8,0,0,SYHZA,96.5535,,Q
207,1,1,"Campbell, Miss. Owen",female,7.4,0,6,YYZM90G7,68.4258,,S
208,1,3,"Thomas, Mrs. Ella",female,,0,0,L8IXY8U,5.5445,,C
209,0,1,"Garcia, Mr. Sarah",male,,0,0,K2I91WCR,221.1058,,S
210,1,3,"Wilson, Mr. David",male,14.6,0,0,7N36D,25.8755,,S
211,0,3,"Sanchez, Mr. Mia",male,29.1,1,1,KDJT4YIK,31.3327,,Q
212,1,3,"Johnson, Mrs. Noah",female,,0,0,0SACC8,13.455,,S
213,1,1,"Garcia, Miss. Thomas",female,54.8,0,0,R1GBJH2,0.0,,S
214,0,3,"Wright, Mr. Mason",male,55.9,0,0,W6QILF6V,9.8137,,C
215,1,3,"Davis, Mrs. Jack",female,5.7,0,0,KZLQX9UZ,25.0864,,Q
216,0,3,"Brown, Dr. Karen",male,63.9,0,1,P78L6Q0,2.636,,S
217,0,1,"Johnson, Mr. Sofia",male,16.2,0,0,15PZS2G,127.5331,,S
218,1,1,"Green, Miss. Ryan",female,42.7,0,0,VQNZMB8,71.4324,,S
219,0,3,"White, Mr. James",male,42.6,0,0,FI3LKR,0.6625,,Q
220,0,2,"Moore, Rev. Charles",male,15.1,0,0,UB4PH,41.2282,,S
221,0,2,"Sanchez, Mr. Scarlett",male,35.9,0,0,GLEY9R,18.5447,,S
222,1,3,"Wilson, Mr. Sophia",male,27.5,2,1,C3MKD,17.6964,C52,S
223,1,3,"Walker, Miss. Lucas",female,,1,3,C6HCZMZ,22.971,E39,S
224,1,3,"Lewis, Mrs. Ava",female,32.2,0,0,5L17T,7.4855,,S
225,0,2,"King, Mr. Patricia",male,45.7,0,0,LYAFXA,10.0719,,S
226,0,3,"Sanchez, Mr. Olivia",male,,0,0,XJ79BG,7.7839,,S
227,1,1,"King, Miss. Liam",female,,0,0,BR8VLAOT,60.8227,,C
228,0,3,"Anderson, Mr. Ethan",male,44.3,0,0,TOL86,11.8867,,S
229,1,3,"Davis, Miss. Linda",female,,0,0,VRCLANR,14.123,,S
230,1,1,"Walker, Miss. William",female,39.2,0,0,MJZFEZV,53.8551,,S
231,0,1,"Williams, Rev. Linda",male,,0,0,06X4GT82,104.9965,C107,S
232,1,2,"Harris, Miss. Amelia",female,14.4,1,0,7LA2OB,43.2485,,S
233,0,3,"Sanchez, Mr. Ryan",male,21.1,1,1,C947G,28.3058,,S
234,0,3,"Perez, Mr. Abigail",male,20.3,1,0,UKY8QB4G,1.5464,,S
235,0,3,"Wright, Mr. Mason",male,40.0,0,0,W2255,13.8006,A91,S
236,0,3,"Collins, Mr. Logan",male,,0,2,KZOZQ,26.0142,,S
237,1,3,"Perez, Miss. Evelyn",female,26.8,0,0,AV53MY,25.4449,,S
238,1,3,"Harris, Mrs. Evelyn",female,49.0,1,0,WO7ZC,8.3772,,S
239,1,1,"Thomas, Miss. Richard",female,48.2,0,0,0HKGL76T,85.2874,,S
240,1,1,"King, Miss. Theodore",female,,0,0,N8H194,194.5217,,S
241,0,3,"Mitchell, Mr. Aiden",male,,0,0,6H9DAHV,7.0607,E122,S
242,0,3,"Jackson, Mr. Jackson",male,51.1,2,0,WDZIS,19.7754,D119,S
243,1,1,"Brown, Miss. Ryan",female,28.1,0,0,8NVRV,232.8856,D100,S
244,1,3,"Smith, Mrs. Charles",female,30.8,0,0,C3XJD5,18.1887,,C
245,0,3,"Sanchez, Mr. Linda",male,24.2,0,0,618XGB,19.2299,,S
246,0,3,"King, Dr. Logan",male,16.5,0,0,PW6FW,20.3937,,S
247,1,3,"Miller, Mr. Ava",male,8.4,0,0,RCNV0,0.0,,S
248,0,2,"Johnson, Mr. Theodore",male,37.9,0,0,SJ67822C,30.4603,,S
249,1,2,"Wright, Mrs. Avery",female,,0,1,OJCH660,5.7758,,C
250,1,2,"Lopez, Mr. Susan",male,71.8,1,0,YEYBK,27.6546,,S
251,0,3,"Lee, Miss. Charles",female,13.8,0,0,7U7A0,36.7814,F53,S
252,1,3,"Hernandez, Mrs. Evelyn",female,11.4,1,0,Q5B7BN,10.2141,E59,Q
253,1,3,"Green, Mrs. Emma",female,,0,0,SVX21,4.8581,,S
254,0,2,"Adams, Mr. Joseph",male,50.4,1,2,QGFJVB89,14.0224,,S
255,0,1,"Williams, Mr. David",male,29.9,0,0,2VR0U,140.4145,,S
256,1,3,"Jones, Miss. Emily",female,,0,0,UEJ9GV,8.0784,,Q
257,0,3,"Perez, Mrs. Mary",female,3.2,0,2,QIUUWL,26.7396,,S
258,0,1,"Allen, Mr. Robert",male,19.5,2,0,0ZUKTT8,0.0,,S
259,1,1,"Davis, Mrs. John",female,14.0,0,0,L0WPAZ,0.0,,S
260,0,3,"Davis, Mr. Scarlett",male,2.5,1,0,7SSHQAS,18.9839,F133,S
261,1,1,"Scott, Miss. Mary",female,30.6,1,0,2X2X2PV,89.785,C96,S
262,0,3,"Harris, Mr. Liam",male,1.0,0,0,UU2ILSX,29.9384,,S
263,0,2,"Garcia, Mr. Michael",male,10.5,0,0,H3TP5PF,4.5279,,S
264,0,1,"Allen, Mr. Harper",male,,0,0,N6SIN68E,0.0,,S
265,0,3,"Brown, Mr. Mary",male,17.4,0,1,4XGVPE9V,32.5327,,S
266,0,1,"Taylor, Mr. Mary",male,34.5,0,0,M4PRF,117.2057,,S
267,0,2,"Green, Mr. Liam",male,,0,0,98DTY,8.5539,,C
268,0,1,"Taylor, Mr. Avery",male,41.5,0,0,U5EAQJ1M,84.9642,,C
269,1,1,"Brown, Mrs. Jennifer",female,39.5,0,0,T8CTOB,0.0,,Q
270,0,1,"Evans, Mr. Sophia",male,,1,0,6G1ZZQLC,35.6436,,S
271,1,1,"Taylor, Mrs. Mason",female,29.0,0,1,GTFYW,52.2301,C95,S
272,1,1,"Robinson, Miss. Abigail",female,33.2,1,0,DS3O3K,52.543,,S
273,0,1,"Perez, Mr. Victoria",male,36.2,0,0,X558D,89.8485,,C
274,1,3,"Collins, Mr. Thomas",male,31.0,0,0,U89KN,13.7839,D78,S
275,1,3,"Mitchell, Mrs. Owen",female,23.4,0,0,6G93C4X,14.8027,,S
276,0,2,"Jackson, Mrs. Linda",female,24.3,0,0,H9BCQXGJ,43.8554,,S
277,0,2,"Roberts, Mr. Evelyn",male,,0,2,EGF87W,21.948,F67,C
278,1,3,"Smith, Mrs. Olivia",female,,2,0,EBN9R3N,11.6955,,C
279,0,3,"Jackson, Mr. Mary",male,27.7,0,0,3Q000Y,12.5077,,C
280,0,3,"Martinez, Mr. Theodore",male,19.7,0,4,QKSLBNSS,8.1727,,S
281,1,1,"Walker, Miss. Avery",female,19.7,0,0,0KXJ9X,71.4906,,S
282,0,1,"Phillips, Mr. Elizabeth",male,,0,2,P1P2F38,0.0,D113,Q
283,1,1,"Nelson, Mrs. John",female,42.7,0,0,I8OZG,119.5058,,S
284,1,2,"Collins, Mr. Sofia",male,30.1,0,0,Z6PCOX,45.5795,,S
285,1,3,"Miller, Mrs. Charlotte",female,16.9,0,2,41FSUQ78,3.5827,,S
286,0,2,"Adams, Mr. John",male,40.3,0,0,84ZN1,20.5323,A73,S
287,0,1,"Baker, Rev. Ryan",male,21.2,0,0,6Z8PCR9,27.9113,,S
288,0,2,"Harris, Mr. Ella",male,9.3,8,0,ZWVCODM,0.0,,S
289,0,3,"Jones, Mr. Ava",male,43.3,0,0,2IXIH8V,7.6845,E37,C
290,1,1,"Garcia, Miss. Richard",female,21.5,0,0,FBRDV,96.983,,C
291,1,3,"Campbell, Dr. Joseph",male,23.3,2,0,WHFDDC,0.0,,S
292,0,1,"Moore, Mr. Noah",male,29.6,0,0,2VJ712,0.0,,S
293,0,3,"Sanchez, Mr. John",male,45.0,0,0,08L4EK6E,2.6929,F45,S
294,0,1,"Evans, Mr. Karen",male,29.3,1,0,MDITWYE,0.0,,S
295,0,3,"Lewis, Miss. Elizabeth",female,12.2,2,0,DAOWNB,0.0,,S
296,1,3,"Anderson, Mr. Jennifer",male,,1,0,PM3V9,0.592,E116,C
297,1,3,"Lewis, Miss. Michael",female,22.2,0,0,NDA7R,29.1032,,S
298,0,3,"Taylor, Mr. Sarah",male,,3,0,JB6XZTO,22.1344,,S
299,1,3,"Martinez, Miss. Karen",female,29.0,0,0,1IMLS8,27.5094,,C
300,0,3,"Mitchell, Mr. Charles",male,1.0,4,0,TH7LM5JQ,28.2649,A16,Q
301,0,3,"Thompson, Mr. Sofia",male,34.0,1,0,LWB9PYSP,20.4029,,S
302,1,1,"Scott, Miss. Mia",female,,2,0,AJNNJX,214.2819,,S
303,1,3,"Baker, Mrs. David",female,51.1,0,0,69XOXE3T,1.5902,,S
304,1,3,"Perez, Miss. Jayden",female,54.6,0,6,PKMBA,25.6142,,S
305,0,3,"Perez, Mr. Ella",male,14.7,0,2,K9JL64,13.7102,D133,S
306,0,3,"Martinez, Mr. Ava",male,41.8,0,0,DDQUM,40.4343,,S
307,0,2,"Walker, Mrs. John",female,18.9,0,2,HWNEX,23.1795,,S
308,0,3,"Adams, Mr. Jack",male,32.1,2,1,R74B6BR,34.7019,D68,S
309,1,2,"Martinez, Mrs. Scarlett",female,11.2,0,0,9ACIJKPL,19.8184,,S
310,0,1,"Taylor, Mr. Ava",male,20.0,0,0,4TLUW68,34.6382,,S
311,0,3,"Scott, Mr. William",male,19.5,0,0,73EUFR,31.6636,D45,S
312,1,2,"Collins, Mrs. Jennifer",female,41.6,0,0,KVKAN,42.085,,S
313,1,1,"Lopez, Mrs. Jessica",female,40.2,0,0,1ERHFE1,103.2097,,S
314,0,2,"Perez, Mr. Elizabeth",male,32.9,0,0,XN8RTWXR,15.1038,,Q
315,0,2,"Martinez, Mr. David",male,,1,0,LYYPZE,40.0213,,S
316,0,2,"Hall, Mr. Liam",male,24.6,1,2,90Z5VX,31.4054,,S
317,0,2,"Evans, Mr. John",male,,0,0,3ZSE3L,25.1026,,S
318,0,3,"Harris, Mr. Thomas",male,41.2,0,0,EHEDAK,13.576,D128,C
319,0,2,"Robinson, Mr. Jackson",male,45.5,0,0,5IP3Z6PG,25.3121,E54,S
320,1,3,"Davis, Miss. Jackson",female,,1,0,ZAQM7,0.0,B22,S
321,1,3,"Walker, Mrs. James",female,18.4,1,1,RUN1K06G,27.1544,,C
322,0,3,"Young, Mr. Sofia",male,1.0,0,0,N3XGN,9.16,,S
323,0,2,"Collins, Mr. Ryan",male,4.3,1,0,8QCDBEO,24.4505,F61,S
324,0,3,"Anderson, Mr. Harper",male,48.9,0,0,K1R0TH,19.8278,,S
325,0,3,"White, Mr. Emma",male,23.4,0,0,R4D4ZI20,28.0788,,Q
326,0,3,"Wright, Mr. Sophia",male,18.5,1,0,H51MMJR6,11.8466,F78,C
327,0,3,"Evans, Mr. Elizabeth",male,52.0,0,1,FECWL11H,0.0,,S
328,0,3,"Taylor, Mrs. Emma",female,,0,0,190M9J2,13.6284,,C
329,1,3,"Scott, Mr. Owen",male,29.3,0,0,72VHG8,15.2078,,S
330,0,2,"Turner, Mr. Evelyn",male,24.9,0,0,S52N32RA,22.0135,,S
331,0,3,"Sanchez, Mr. Olivia",male,,0,0,MNZ3D3K,14.6224,,S
332,1,1,"Gonzalez, Mrs. Michael",female,32.2,0,0,5HH8N8M,77.5579,,S
333,0,3,"Taylor, Mr. Jack",male,,0,0,S9TSQNP,0.0,C136,S
334,0,3,"Moore, Mr. William",male,34.9,0,0,1BST1X,20.3863,,S
335,1,1,"Williams, Miss. Ella",female,39.2,1,0,DNJHZR,18.0297,,C
336,0,3,"Davis, Mr. Jessica",male,,0,2,E9RJN4ZG,8.5298,,S
337,0,1,"Gonzalez, Dr. Joseph",male,,2,0,EJ0TQ728,114.2247,B8,S
338,1,3,"Davis, Mrs. William",female,39.6,0,0,4H3TVE,26.5903,E134,S
339,0,1,"Smith, Mr. Karen",male,24.9,0,0,KVF7L11T,201.165,,S
340,0,3,"Scott, Mr. Sofia",male,,0,0,KWTVI,13.8701,D59,S
341,1,1,"Brown, Dr. Liam",male,1.0,1,0,DRDXU4Q,40.942,,S
342,1,3,"Davis, Mr. Mary",male,,0,0,I38CY,18.0915,,S
343,0,3,"Young, Miss. Susan",female,36.4,1,0,JS7H4D,27.8425,,S
344,0,3,"Parker, Mr. William",male,30.6,0,0,CCB2UYF,20.1265,,S
345,1,3,"Baker, Mr. Emma",male,31.6,0,0,3R6FKBF4,20.5555,,C
346,0,3,"Johnson, Mr. Sebastian",male,56.3,0,0,X51OMD,19.6685,,S
347,0,3,"Wilson, Mr. Jayden",male,,0,0,9SR4MO6N,0.0,,S
348,0,2,"Adams, Mr. Ryan",male,,0,0,FRRL8R5H,16.5603,D49,S
349,0,3,"Baker, Mr. Jennifer",male,33.3,0,0,RUILWK,10.7451,,S
350,1,1,"Lopez, Miss. Sophia",female,18.7,0,0,R8I4RDZH,114.665,D98,S
351,0,3,"Evans, Mr. John",male,29.4,0,1,T2JWA,1.2901,,S
352,0,1,"Phillips, Dr. Sophia",male,6.6,0,2,1AMSC,108.9828,E135,S
353,0,3,"Adams, Mr. Amelia",male,48.7,0,0,SM9UYDFB,0.0,,Q
354,0,3,"Adams, Dr. Aiden",male,19.5,0,0,46UBWWV,10.1782,,S
355,0,3,"Carter, Mr. Sarah",male,57.4,0,0,UZRFC6P,12.2363,,S
356,0,3,"Davis, Mr. Mary",male,28.5,0,0,KB8CHQ,4.2764,D30,S
357,0,3,"Green, Mr. Noah",male,43.4,0,0,BL2J5M,13.8682,,S
358,1,3,"Parker, Mrs. Olivia",female,28.3,0,1,D3O92,8.2278,,S
359,1,3,"Taylor, Mrs. Abigail",female,28.6,1,0,L0C9F,24.9963,A23,Q
360,0,3,"Smith, Mr. Jennifer",male,20.8,0,0,4S250ZNK,11.2221,,S
361,0,3,"White, Mr. Evelyn",male,30.7,0,0,IOSONVL9,20.6596,,C
362,0,1,"Hernandez, Mr. Emma",male,33.5,1,0,O4RZX,0.0,,S
363,1,1,"Evans, Mr. Scarlett",male,18.0,0,1,0I0EYE,67.1386,,C
364,0,1,"Harris, Mr. Ryan",male,27.2,0,0,WBDG8VKJ,91.9092,,Q
365,1,3,"King, Miss. Elizabeth",female,,2,0,H4VNA,0.0,,Q
366,0,2,"Collins, Miss. Victoria",female,61.2,2,0,NEVX9M,37.2644,,S
367,1,3,"Carter, Mrs. Michael",female,27.7,1,0,3MW05L,4.8036,,C
368,0,3,"Adams, Mr. Ryan",male,,0,0,E2BZHQC,17.2016,,S
369,0,2,"Edwards, Mrs. Sophia",female,26.3,0,0,RXMAUZX,30.856,B8,S
370,1,3,"Scott, Mr. Scarlett",male,,4,0,ZTHELA,13.1617,,S
371,1,3,"Taylor, Mr. Aiden",male,10.5,2,0,ABFLAWE,19.2966,,S
372,0,2,"Baker, Mr. Evelyn",male,22.7,0,1,UDOF9V3N,13.7299,,S
373,1,2,"Jackson, Miss. Karen",female,31.9,0,0,IP1P7,22.3999,,S
374,0,2,"Jackson, Mr. Victoria",male,51.2,0,0,IREYDX,12.5795,,S
375,1,1,"Wright, Miss. Ava",female,,0,1,MVZ7K3,86.4628,,S
376,0,1,"Martin, Mr. Madison",male,48.4,1,0,982KZ2K3,120.8693,,S
377,1,3,"Johnson, Miss. Evelyn",female,38.0,0,0,R5DY2BO,0.0,,C
378,0,2,"Collins, Mr. Ava",male,,0,2,H5WJPED,26.3752,B14,C
379,0,2,"Hall, Mr. Michael",male,28.2,0,0,9JIYSFY,19.2098,,C
380,1,3,"King, Mrs. Jessica",female,62.5,0,0,EQ0SX,9.9959,,C
381,0,3,"Mitchell, Mr. Owen",male,22.2,0,0,RZTI8,0.0,,S
382,0,3,"Sanchez, Mr. Mia",male,18.3,0,0,60EJN,6.5919,,S
383,0,3,"Allen, Mr. Emily",male,12.1,0,0,SJ7E33NB,0.0,,S
384,0,3,"Carter, Mr. Susan",male,61.6,2,1,8NGJEVSM,15.6501,F58,S
385,0,2,"Moore, Mr. Avery",male,40.5,0,0,WAO5248,23.8462,,S
386,1,3,"Perez, Mr. Sophia",male,24.3,0,1,JQS20,2.9717,,C
387,0,3,"Baker, Mr. Elizabeth",male,46.5,0,0,FY21UDF,7.822,,S
388,1,3,"Martinez, Mrs. Linda",female,38.6,0,0,53PVGVH,23.1602,,C
389,1,1,"Davis, Mr. Emma",male,56.5,0,0,2B72NQC7,0.0,C119,S
390,1,3,"Turner, Dr. Amelia",male,7.3,0,0,7X7N6,0.0,,C
391,0,3,"Phillips, Mr. Joseph",male,25.3,0,0,MM8QRX,10.4907,,S
392,1,1,"Collins, Mr. Richard",male,,0,0,TNF9R9Q,0.0,,C
393,0,3,"Garcia, Mr. Joseph",male,1.4,0,0,T8DSF5T,9.7675,E144,S
394,1,3,"Phillips, Mrs. Jessica",female,43.8,0,0,JFWFNLHE,0.0,A13,S
395,1,1,"Turner, Mrs. Scarlett",female,25.2,0,0,1OKFY3T,112.3832,,S
396,0,3,"Nelson, Mr. Sophia",male,39.4,0,0,X69GR5,11.3584,,S
397,0,3,"Lewis, Mr. Ava",male,62.0,0,0,39DWTKX,19.0411,E24,S
398,0,2,"Robinson, Mr. William",male,24.1,0,0,ROOW7,35.9849,,S
399,0,3,"Gonzalez, Mr. Charlotte",male,23.1,0,0,ZL894531,15.2736,,S
400,0,2,"Johnson, Mr. Jayden",male,30.7,0,0,WXO5WW0,2.1477,,Q
401,1,2,"Robinson, Miss. Scarlett",female,42.8,0,0,7U7DI,39.3452,,S
402,0,3,"Taylor, Mr. Noah",male,,5,0,YXOUTHUS,9.3605,,S
403,0,3,"Anderson, Dr. Jessica",male,20.2,8,0,M1YQVI,11.1674,,C
404,0,1,"Williams, Mr. Charles",male,,3,0,UJGS7Q,18.0145,,S
405,0,3,"Harris, Mr. Mary",male,34.3,0,0,406O1FLU,5.0862,,C
406,0,3,"Williams, Mr. Mary",male,1.0,0,0,17D9D,27.863,,S
407,1,2,"Roberts, Mr. Aiden",male,11.8,0,1,1Y7PU,29.4484,B131,S
408,1,3,"Phillips, Miss. Ethan",female,50.0,0,1,Y9V7O,21.2806,B49,S
409,1,1,"Mitchell, Mr. Jayden",male,,0,0,TFNRC6IY,144.616,,S
410,0,3,"Martin, Mr. Abigail",male,18.3,0,0,PVS1BMWD,0.0,,S
411,0,3,"Wilson, Mr. Owen",male,26.6,0,0,WAAFXSRU,24.8672,,C
412,0,3,"Robinson, Mrs. Liam",female,,0,6,MABY0I,14.2252,,S
413,0,1,"King, Mr. Susan",male,39.3,0,0,OXVUB,0.0,,Q
414,1,3,"Johnson, Mrs. Richard",female,10.0,1,0,1V3Z6U,25.9092,A11,S
415,1,1,"Roberts, Miss. Richard",female,,0,0,UJPGPFR,84.576,,S
416,0,2,"Gonzalez, Mr. Scarlett",male,32.8,1,0,Q0P6H405,21.072,,C
417,1,1,"Mitchell, Miss. James",female,27.6,0,0,66KWV,113.5524,,C
418,0,3,"Brown, Mr. Theodore",male,37.0,0,0,SXHNV,0.7504,,S
419,1,1,"Gonzalez, Miss. Aiden",female,,0,0,C734BUN7,63.3812,,S
420,0,3,"Harris, Mr. Karen",male,34.0,0,0,XB5RF56,24.9805,,S
421,1,3,"Williams, Mrs. Avery",female,44.3,0,1,XVK097,15.3222,B59,S
422,1,1,"Green, Mr. Linda",male,,0,1,M67AMTU,76.5512,,C
423,0,1,"Parker, Mr. Olivia",male,30.9,0,0,SAF1YXP,108.7724,,S
424,0,1,"Perez, Mr. Jennifer",male,27.7,0,0,LYSEO3,69.4787,,S
425,1,3,"Lopez, Mrs. Jennifer",female,17.3,0,0,5SR8SEO,0.0,,S
426,1,3,"Sanchez, Mr. James",male,28.0,2,1,MO5PKDO,0.8365,,S
427,0,1,"White, Mr. Lucas",male,,0,0,KQX73KFY,40.6924,,S
428,1,3,"Thompson, Mrs. Scarlett",female,,0,0,OD1FNO,0.0,,S
429,1,1,"Adams, Mrs. Sebastian",female,16.5,0,1,1WTGB,86.2039,C90,S
430,1,3,"Young, Mr. Ryan",male,22.1,0,0,W022O,16.7233,,Q
431,1,3,"Hernandez, Mr. Jayden",male,31.8,0,0,I21SA,29.1653,F97,C
432,0,3,"Lee, Mr. Ryan",male,23.8,0,0,3I2X5WDX,6.6748,,S
433,0,3,"Perez, Miss. James",female,35.8,1,0,J58RK,5.9216,A16,S
434,0,3,"Walker, Mr. Aiden",male,,0,0,IUPCVX,12.4231,,Q
435,1,1,"Brown, Miss. Ella",female,,0,0,8ZYHQP8,102.0607,,C
436,0,1,"Roberts, Mr. William",male,48.9,0,2,YTC7YI,150.2743,,C
437,0,1,"Adams, Mr. Linda",male,42.9,1,0,7LAWA,42.5464,B64,S
438,0,3,"Hernandez, Mr. Jayden",male,15.9,1,1,6B1WL,4.2094,,S
439,0,3,"Edwards, Mr. Jackson",male,16.4,2,0,RT6JVY,14.3218,,C
440,1,3,"Evans, Mrs. Sarah",female,27.9,0,0,69DJ2,17.8973,,S
441,0,3,"Collins, Mr. Patricia",male,22.7,0,2,F7LKMYHT,8.5974,,S
442,0,1,"White, Mr. Sarah",male,,0,0,F1N20,0.0,,S
443,1,3,"Parker, Mrs. James",female,22.8,1,0,E76PEESA,14.6385,,S
444,1,1,"Mitchell, Mrs. Sofia",female,22.4,0,0,TU49J,190.9433,,S
445,1,2,"Turner, Mrs. Karen",female,19.6,0,0,HIP966,27.3651,,S
446,0,3,"Perez, Mr. John",male,,0,1,X0IQTN,17.1405,,S
447,0,3,"Hernandez, Mr. Jayden",male,,0,0,PC1617,6.0437,D107,S
448,1,3,"Taylor, Mrs. Mason",female,31.8,0,0,CJ4FTA,6.0615,,S
449,0,1,"Edwards, Mr. Jack",male,63.6,0,0,EEFTYK,63.016,,Q
450,0,3,"Robinson, Mr. Ryan",male,31.4,0,0,O0T099V8,19.9906,,S
451,1,1,"Parker, Mrs. James",female,,1,0,J7FQF26,135.395,,S
452,0,3,"Perez, Mr. Aiden",male,29.1,0,0,DJMETBWU,14.9895,,S
453,0,3,"Walker, Mr. Aiden",male,32.6,1,0,62JU24X,0.0,,S
454,1,1,"Brown, Mrs. Aiden",female,35.1,0,0,P4CVT,53.0316,,S
455,0,1,"Lee, Mr. Susan",male,,1,1,M9V7Q,36.2792,D130,S
456,0,1,"Perez, Mr. Emma",male,17.2,0,0,W6LNBIEG,0.0,,C
457,0,3,"Garcia, Mr. Owen",male,41.0,2,0,5N339S,14.297,,S
458,0,3,"Wilson, Mr. Patricia",male,31.9,0,0,PW3FCFZR,0.0,,Q
459,0,3,"Young, Mr. Emily",male,7.0,0,0,1AGQ60,8.6852,,S
460,1,3,"Thomas, Mrs. Lucas",female,,0,0,ZLQ50VC,16.721,,S
461,0,3,"Green, Mrs. Lucas",female,46.7,0,0,NNYOUAG,18.1182,,S
462,0,1,"Clark, Mr. Evelyn",male,17.0,0,0,81P8J6O,101.6961,,S
463,0,3,"Lee, Mr. Victoria",male,28.9,1,1,A9XF9,10.6872,,Q
464,0,2,"Garcia, Miss. Jack",female,,2,0,M0B6Y,7.8957,,C
465,0,3,"Lee, Mr. Victoria",male,11.4,0,0,43IHIFXC,0.0,,S
466,1,3,"Perez, Mr. Michael",male,43.7,0,4,UTRID9,10.7503,,S
467,0,3,"Hall, Mr. Richard",male,22.5,0,0,VUN0NO,0.0,,Q
468,1,3,"Hernandez, Mrs. Jessica",female,13.5,1,1,LZXBY2J6,0.0,,S
469,1,1,"Johnson, Mr. Sarah",male,32.2,1,0,G841V,113.862,,S
470,1,3,"Parker, Miss. Charles",female,21.7,0,1,RUDVD,29.5955,,S
471,0,2,"Evans, Mr. Elizabeth",male,22.4,2,0,GGC82,3.524,D9,S
472,0,3,"Campbell, Mr. Sofia",male,39.4,0,0,NG821QA,15.4187,,S
473,1,1,"Moore, Mr. Jennifer",male,12.7,1,0,RKLC5F3,83.3829,,S
474,0,1,"Allen, Mr. Aiden",male,16.3,3,0,BWC3SA11,47.9185,F30,C
475,0,2,"Davis, Mr. Madison",male,31.2,1,0,R7XSMKW0,12.8303,B81,S
476,1,2,"Campbell, Mr. Theodore",male,42.6,0,4,OBO2Y,0.0,,S
477,0,2,"Smith, Mr. James",male,,0,0,ZAA6B,6.9379,,S
478,0,3,"Clark, Mr. Jessica",male,19.7,0,0,EUS490,12.3992,,C
479,0,3,"Roberts, Mr. Sebastian",male,42.1,1,1,B7UHTO,15.5354,C79,S
480,0,2,"Baker, Mr. Sophia",male,18.0,0,0,Q1F8CF,42.8887,D106,C
481,1,2,"Turner, Miss. Amelia",female,54.6,1,0,F10PQ92,28.5757,,S
482,0,1,"Lewis, Mr. Mary",male,,2,0,FVBJZO9,99.232,,S
483,1,3,"Jones, Mrs. Victoria",female,47.6,0,0,D55DN8AC,4.7637,A107,C
484,1,2,"Smith, Mrs. Susan",female,,0,0,8K1YFKW,35.3544,,C
485,0,1,"Davis, Mr. Jayden",male,57.2,0,0,IHU3O7,173.4955,,S
486,1,2,"Williams, Mrs. Karen",female,37.3,0,0,OZQ192F,19.1763,A4,S
487,1,3,"Harris, Miss. Barbara",female,14.8,0,0,34UI5,16.3108,,S
488,0,1,"Williams, Mr. Harper",male,21.7,0,0,KNKKLY,86.5206,,S
489,0,3,"Martinez, Dr. Ava",male,39.9,0,0,NGX92,23.565,,C
490,0,3,"Lee, Mr. Ava",male,43.7,0,0,SAOKS,11.5355,,C
491,1,3,"Baker, Mr. Theodore",male,28.0,0,0,YT7C82,21.7024,,S
492,0,3,"King, Mr. Charles",male,29.6,0,0,3BHA2MN,11.1056,,Q
493,0,3,"Williams, Miss. Emma",female,39.6,0,0,PW7L6TN,17.7783,,S
494,1,2,"Campbell, Mrs. Abigail",female,,0,0,REK4SUYH,14.0519,,C
495,0,3,"Perez, Mr. William",male,10.9,0,0,P7EZ9,0.0,,C
496,1,3,"Thompson, Miss. Ethan",female,17.6,1,1,E5D02,17.153,B78,C
497,0,2,"Lopez, Mr. Elizabeth",male,32.3,0,0,KSS4V8,16.3453,,C
498,1,3,"Roberts, Mrs. Richard",female,46.0,0,0,KIXB4,18.2305,A43,Q
499,1,2,"Clark, Mr. James",male,51.6,2,0,98C0S05U,3.6312,,S
500,1,3,"Thomas, Mrs. Sarah",female,,0,0,5PQV6,29.3869,,S
501,1,3,"Gonzalez, Mrs. Harper",female,33.0,0,1,H0WCT25,7.9413,F50,S
502,0,3,"Brown, Mr. Avery",male,39.5,0,2,S3VPGB,17.6297,C66,C
503,1,3,"Davis, Rev. Sebastian",male,19.7,0,2,8V2YMSJ,19.541,,S
504,1,3,"Martin, Miss. Aiden",female,,0,0,VX9IK,31.9061,,Q
505,0,3,"Taylor, Mr. Thomas",male,17.5,1,0,82L8Z,9.5127,,S
506,0,3,"Thompson, Mr. Mason",male,11.5,1,0,NUDG7H,5.8149,,C
507,1,2,"Brown, Mrs. David",female,,0,0,483D4,17.8713,,S
508,1,3,"Allen, Mr. David",male,31.6,0,0,A7JXCG,30.076,,C
509,0,3,"Garcia, Mr. Charles",male,38.6,0,0,V9G657BD,17.6355,,Q
510,0,1,"Anderson, Mr. Charlotte",male,36.6,0,0,EC3Z47F,173.5826,D93,S
511,0,1,"Edwards, Mr. David",male,32.4,0,2,BNKIZE35,15.954,,S
512,1,3,"Smith, Miss. Sebastian",female,36.8,1,0,CVWNNQ9,16.5755,A2,S
513,0,1,"Hernandez, Mr. Joseph",male,28.4,1,0,SLTA7,17.8691,,C
514,0,2,"Robinson, Mr. Emma",male,,0,1,8FVY2A,8.4491,A22,C
515,1,2,"Martin, Mr. Evelyn",male,18.8,0,0,FPBC1Z6,0.0,,S
516,1,1,"Jackson, Mrs. Olivia",female,,0,0,VE1ID0V,0.0,,S
517,0,2,"Miller, Mr. Liam",male,,0,0,TYRZS,14.8326,,S
518,1,3,"Gonzalez, Mrs. Ryan",female,19.6,1,0,IJ3NZM,6.5427,,S
519,1,1,"Adams, Miss. Olivia",female,29.7,0,0,VR0757B,37.5351,,C
520,1,3,"Young, Miss. Jennifer",female,20.3,1,0,0OLB44CU,30.5175,,S
521,1,3,"Parker, Mrs. Ella",female,21.6,1,0,GT3L08Q,16.2873,,Q
522,1,2,"Scott, Miss. Avery",female,13.3,2,0,KEMXH,15.76,,Q
523,1,1,"Carter, Mrs. Elizabeth",female,46.7,0,0,9J5KWFJ,46.005,E39,C
524,1,3,"Gonzalez, Mr. Logan",male,43.9,0,0,VUSI7OA6,18.1817,D80,S
525,1,1,"Allen, Miss. Emma",female,36.5,1,1,5JCHX,75.8112,,S
526,0,2,"Hall, Mr. Linda",male,56.6,1,0,FKHX5J6,46.5693,,C
527,0,3,"Mitchell, Mr. William",male,26.4,0,0,CL530O,14.4733,,S
528,1,3,"Robinson, Miss. Ella",female,71.4,1,0,Z2US88TH,20.3724,,Q
529,1,3,"Lee, Miss. Elizabeth",female,25.8,0,1,SYLB38,21.2842,,S
530,1,2,"Brown, Miss. Ava",female,,0,0,LP11M,11.6537,,S
531,0,3,"Roberts, Mr. Scarlett",male,23.4,1,0,OIPJCZ,10.5757,,Q
532,1,3,"Gonzalez, Mr. Logan",male,,0,0,KOOATQ7N,29.8344,,C
533,0,2,"Carter, Mr. Sophia",male,40.7,0,0,OGM5J4X0,31.5529,A49,S
534,0,3,"King, Mr. Jack",male,27.4,2,0,SVCZZDSS,17.3044,,C
535,0,1,"Smith, Mr. Jessica",male,,1,0,CAHIHV,186.2135,,S
536,0,1,"Wright, Mr. Jackson",male,32.3,1,0,EDX731,37.2626,,S
537,0,3,"Lewis, Mr. Susan",male,32.8,0,0,ZCGFGM,4.114,,S
538,1,1,"Taylor, Miss. Patricia",female,16.3,8,0,3ZWG5,0.0,,S
539,0,1,"Hernandez, Mr. Ella",male,,0,0,90HHZ,0.0,,S
540,1,3,"Sanchez, Miss. Victoria",female,,0,0,QCRRL6MI,0.0,,S
541,0,3,"Jones, Mr. Owen",male,20.5,0,0,WWSLJEG,5.8336,A11,S
542,0,3,"Allen, Mr. Jack",male,,1,0,O02UDAI,15.9285,,S
543,1,3,"Roberts, Mr. Jennifer",male,66.4,1,2,C2N0HA,26.9254,C52,S
544,0,3,"Jones, Mr. Abigail",male,25.3,1,1,QRP8X,19.0983,,S
545,1,1,"Smith, Mrs. Avery",female,8.6,0,1,EQWV8RN,27.2175,,S
546,1,2,"Brown, Rev. Evelyn",male,,0,0,MUBFCP7C,28.5391,,S
547,0,2,"Baker, Mr. James",male,28.3,0,0,5AA6VG8U,1.2613,,S
548,1,1,"Roberts, Miss. John",female,36.7,0,0,YHMET9W,86.1957,,S
549,1,3,"Collins, Miss. Madison",female,36.8,0,0,GT9DHZA,12.8445,,C
550,0,2,"Johnson, Mr. Logan",male,38.5,0,0,7APLO,17.513,D10,C
551,0,3,"Lewis, Mr. Barbara",male,20.0,1,0,J1AEJ3,11.8754,,Q
552,0,1,"Williams, Mr. John",male,,1,0,BSWQD5,114.5784,C2,Q
553,0,1,"White, Mr. Liam",male,16.7,1,0,68LP8Q5X,261.2674,,S
554,1,3,"Martin, Mr. Thomas",male,20.3,0,1,AZ2H0H66,12.7837,,C
555,0,1,"Allen, Mr. Ryan",male,16.2,0,0,SN6LZ,23.5025,,S
556,1,1,"Campbell, Miss. Owen",female,12.4,0,0,H9N18,116.0088,,C
557,0,2,"Mitchell, Mr. Amelia",male,43.9,0,0,AIZ79ZD0,26.7066,,Q
558,0,3,"Brown, Mr. Theodore",male,,0,0,3TG49S,0.0,D26,C
559,0,3,"Thomas, Mr. Elizabeth",male,,0,2,CJEKNPLT,25.283,E12,S
560,1,3,"Hernandez, Mrs. Ryan",female,,0,0,M4UAL,7.9631,,S
561,0,1,"Thomas, Mr. Noah",male,39.9,1,1,G7KWRW2F,59.7493,,S
562,0,2,"Thompson, Miss. Ava",female,4.3,0,1,UJN5IG,17.2386,,S
563,1,3,"Allen, Mrs. John",female,41.1,0,0,DA5JEXR,0.0,,C
564,1,3,"Baker, Mr. Barbara",male,,0,0,PF4ARJ,34.7403,,S
565,0,3,"Parker, Mr. David",male,37.8,0,0,TNTIE6W,2.4732,,S
566,0,3,"Green, Rev. Sophia",male,34.3,0,0,96V2SIW,25.6072,C101,S
567,0,3,"Moore, Mr. Barbara",male,,0,0,5S8HBOH8,14.3026,,S
568,1,1,"Martinez, Mrs. Jennifer",female,,0,6,T1DBT,120.3864,,S
569,0,2,"White, Mr. Evelyn",male,,0,0,AA7VZJLQ,42.0006,,S
570,1,3,"Carter, Miss. Jackson",female,36.9,1,1,P805R,0.0,B129,S
571,0,2,"Collins, Mr. Patricia",male,38.7,0,0,PW037D2Z,20.9868,,C
572,0,3,"Lopez, Mr. Amelia",male,9.8,0,4,AR86IR5,1.0899,,C
573,0,3,"Wilson, Mr. Theodore",male,15.3,0,0,L24FBBF0,8.6501,,C
574,1,3,"Smith, Miss. Liam",female,18.9,0,0,YDV09L,23.1783,C79,S
575,1,3,"Brown, Miss. Barbara",female,24.0,0,0,RMXU3BH,15.7961,,S
576,0,3,"Sanchez, Mr. Robert",male,9.9,1,0,U6YAR45,0.0,,S
577,0,3,"Young, Mr. Owen",male,9.1,0,1,RDH4M1BR,22.3664,,S
578,1,3,"Wright, Miss. Liam",female,,0,0,IBKCWGIV,12.9219,,S
579,0,3,"Johnson, Mr. Jennifer",male,30.2,0,0,X77080,7.036,,S
580,1,2,"Gonzalez, Mrs. Jackson",female,,0,0,8UAWI,8.1098,,Q
581,0,3,"Martinez, Mr. Lucas",male,27.4,0,0,XAPBEH2,11.1607,C135,S
582,1,3,"Jackson, Dr. Avery",male,43.8,0,0,B0TFUI,0.1777,,C
583,1,1,"Sanchez, Mr. Robert",male,10.8,0,0,8L0AO6C,159.2967,,S
584,0,2,"Hernandez, Mr. Robert",male,26.1,3,0,DRGAMU0L,0.0,,S
585,0,3,"Wright, Mr. Elizabeth",male,43.3,1,0,G0G4GX,12.1048,,C
586,1,3,"Moore, Mr. William",male,23.1,8,0,9K84QR,8.5438,E63,C
587,1,1,"Robinson, Mrs. Mia",female,21.0,0,2,PQFL59,0.0,,C
588,1,2,"Harris, Mr. Emma",male,45.3,1,0,0IXW5,13.3926,,C
589,1,1,"Lopez, Mr. Victoria",male,24.7,0,0,32XOMMM,99.7808,C31,S
590,0,1,"Miller, Rev. Jennifer",male,44.5,0,0,LUJMZL,20.7189,C108,Q
591,0,3,"Hall, Mr. Ella",male,35.0,4,0,A18YC,27.5945,,Q
592,0,2,"Collins, Mr. Owen",male,24.2,0,0,JL730SU,35.432,,S
593,0,2,"Wright, Mr. Michael",male,35.7,1,0,XUD93NJ8,18.2234,E26,S
594,0,3,"Adams, Mr. Emily",male,,1,0,PI2W6TTF,28.1058,,S
595,0,1,"Mitchell, Mr. Isabella",male,43.3,0,0,NH2MH88,81.2968,,C
596,1,2,"Johnson, Mrs. Robert",female,21.3,1,0,KFWVW1,32.9359,,Q
597,1,3,"Carter, Mr. Jessica",male,,0,4,YX20BW,11.175,C27,C
598,1,3,"Thomas, Miss. Aiden",female,28.1,2,0,UTVUO9C3,16.6225,,S
599,0,3,"King, Mr. Jackson",male,38.9,1,0,HVW7K,3.8492,,S
600,0,3,"Collins, Mr. Karen",male,14.6,0,0,JTMJ6,13.0496,,S
601,1,3,"Phillips, Miss. Jennifer",female,,0,0,Y0O080K,16.3936,,S
602,0,3,"Lee, Mr. Richard",male,,0,0,ICPSQJJ7,0.0,,S
603,1,3,"Perez, Mrs. Ethan",female,,0,0,2JDCI4,10.9175,,S
604,1,3,"Allen, Mr. Amelia",male,45.9,0,0,Z8BD7U,9.6664,,S
605,1,3,"Miller, Mr. Olivia",male,60.3,1,0,M3XJXAI,24.3087,F98,S
606,1,3,"Taylor, Mrs. James",female,,0,0,20D63,0.0,,C
607,1,3,"Evans, Mr. Aiden",male,49.0,1,2,HPVWMD,8.8034,F142,S
608,0,1,"Campbell, Mr. Ava",male,,0,0,ZJXUSAL,167.6947,,S
609,1,3,"Phillips, Miss. Charlotte",female,5.7,0,1,435QLR,23.5608,,S
610,0,2,"Lopez, Miss. Ethan",female,3.2,0,0,WVPZ5YO4,27.8259,,Q
611,1,3,"Jackson, Mrs. Amelia",female,32.6,1,2,25JPIN0Y,32.757,,C
612,0,3,"Mitchell, Mr. Owen",male,,0,0,1GGTI,20.2843,,S
613,0,3,"Johnson, Mr. Amelia",male,16.2,0,0,FF1KZYGU,8.4875,,C
614,1,3,"Phillips, Mrs. Sarah",female,28.1,0,0,D148DG3,15.6362,A141,S
615,0,2,"Allen, Mr. Jack",male,37.6,1,0,WMHWHE,16.2002,,S
616,0,3,"Sanchez, Miss. Emily",female,,0,0,GG2TTFF,22.4534,C104,S
617,0,3,"Gonzalez, Mr. Victoria",male,,0,5,NQE6N3,0.0,,S
618,1,2,"Edwards, Mr. Elizabeth",male,50.1,1,0,QEYC05,10.6216,,S
619,1,1,"Adams, Mrs. Madison",female,13.9,1,0,5ZAHXZ,3.1145,,S
620,1,1,"Williams, Mr. Amelia",male,41.2,0,0,Y3D5T,121.6456,,S
621,0,3,"Walker, Mr. Jennifer",male,22.2,0,1,BWQN2IC,0.0,,S
622,0,3,"Roberts, Mr. Susan",male,36.6,0,1,0E9Y7Q,28.1192,,S
623,1,3,"Brown, Miss. Jack",female,44.4,0,0,GSV02,11.4585,,S
624,0,3,"Baker, Miss. Amelia",female,39.4,1,0,VAT344AP,0.0,,S
625,0,3,"Thomas, Mr. Aiden",male,41.7,0,0,IODGA94,0.0,,S
626,0,2,"Robinson, Mr. William",male,12.9,0,0,AMPGX9,32.4892,D24,S
627,1,3,"Phillips, Mrs. Elizabeth",female,44.6,0,1,43CTUDFU,12.7832,,S
628,0,1,"Lewis, Mr. Owen",male,17.1,0,0,HRCDUU1,274.9286,,S
629,0,3,"Johnson, Mr. Liam",male,32.6,0,0,GM4B38DF,19.9652,,S
630,1,3,"Johnson, Mr. Sebastian",male,32.6,0,0,R9TXILG,6.9556,,S
631,0,3,"Baker, Dr. Mason",male,35.8,0,0,E6CSS,0.8116,A57,S
632,1,3,"Parker, Mrs. Sarah",female,33.7,3,1,4SEEZ,8.456,F48,S
633,1,1,"Moore, Miss. Theodore",female,17.2,1,0,OOBBTNJ,44.8342,,S
634,1,2,"Parker, Mrs. Aiden",female,,0,0,VKMKXB,43.9895,,S
635,0,1,"Harris, Mr. Michael",male,41.2,0,0,TI17CHFC,183.936,D53,S
636,0,1,"Williams, Dr. Robert",male,31.6,0,2,GN3WYD8,174.3414,,Q
637,0,3,"Walker, Mr. Michael",male,,0,0,ZXO46,6.1646,,S
638,0,3,"Edwards, Mr. Scarlett",male,28.4,0,2,8I23U,3.4331,,S
639,0,3,"Thomas, Mr. Linda",male,,1,0,3SGP6H9G,7.0337,,S
640,0,3,"Edwards, Mr. Joseph",male,,0,1,XHRFN8B,24.8232,,C
641,0,3,"Wright, Mr. Olivia",male,23.8,0,0,Y0K8JSB5,11.5392,,S
642,0,3,"Lopez, Mr. Linda",male,,0,0,FXGPS7L,5.3604,B126,Q
643,1,1,"Scott, Miss. Sarah",female,19.9,0,0,P72CB,112.7154,,S
644,1,1,"Lee, Mr. Sofia",male,52.0,3,0,ZUDK4FHQ,238.0415,A70,S
645,0,3,"Jones, Mr. Jayden",male,,0,0,3VRNBJH,15.3065,,S
646,1,3,"Turner, Mrs. Ava",female,24.3,1,0,0MSHV,26.5723,,C
647,1,1,"White, Mrs. Scarlett",female,30.5,1,0,Y0LH2,148.6395,,Q
648,1,3,"Hall, Mrs. Mia",female,13.7,0,0,GM8QJ,6.338,,C
649,0,3,"Adams, Mr. Ava",male,33.6,0,0,MXPVPRQ,13.293,E55,S
650,1,1,"Jones, Miss. Mia",female,51.6,0,0,8J2ZTL,176.5775,,C
651,1,2,"Baker, Mr. Theodore",male,22.1,1,2,4GV1WF,6.6323,F27,S
652,0,3,"White, Mr. Patricia",male,34.5,0,3,G7MP4PG,6.1119,,S
653,0,3,"Perez, Mr. Isabella",male,1.0,0,0,XVCQQJUI,8.5683,,S
654,0,1,"Harris, Mr. John",male,28.5,1,0,20KHAM,214.57,,Q
655,0,3,"Nelson, Mr. Jackson",male,24.6,1,0,E94U1,9.8419,,S
656,0,2,"Martinez, Mr. Evelyn",male,17.5,0,0,V7CME2,30.6773,,S
657,0,3,"Garcia, Mrs. John",female,44.1,0,1,ZVRA168M,11.6856,,S
658,0,2,"Lee, Mr. Abigail",male,24.4,1,0,XAC38,25.624,,S
659,1,3,"Garcia, Mr. Olivia",male,26.5,0,0,STEIK4,4.7927,,S
660,1,2,"Thomas, Mr. John",male,,1,0,ZH85RI,21.8472,,C
661,0,2,"Wright, Mr. Jayden",male,2.2,0,0,3SJWNY3R,45.9717,,S
662,0,3,"Mitchell, Mr. Karen",male,13.2,0,1,U4I8N,18.5365,,S
663,0,1,"Scott, Mr. Mary",male,42.5,1,0,ZGB8ZWK,88.1037,,S
664,0,1,"Martin, Mr. Evelyn",male,1.0,0,0,JTYLH,16.5005,,S
665,1,2,"Mitchell, Miss. Karen",female,,0,0,8W9AQ,40.7614,,S
666,1,3,"Lee, Mrs. Madison",female,23.4,0,2,OOCB2P,7.8287,,S
667,0,3,"Martinez, Mr. William",male,53.4,0,0,M7Q9F,0.4795,,S
668,0,3,"Adams, Rev. Ethan",male,39.8,1,1,UY9QH,21.1612,,S
669,1,2,"Robinson, Mrs. Liam",female,21.2,0,2,LGD0XFU,28.9505,,Q
670,1,2,"White, Mrs. Liam",female,47.3,0,0,3QCWS7T0,29.7232,,S
671,1,1,"King, Mr. Lucas",male,18.6,0,2,TLOKQ8M,125.1855,,S
672,0,3,"Baker, Mrs. Charlotte",female,43.1,2,0,8FJROM,25.973,,C
673,1,3,"Taylor, Miss. James",female,10.0,0,0,RNR59IBB,7.5706,,S
674,1,3,"Garcia, Miss. Harper",female,44.0,2,0,WBSO7V,20.1885,,C
675,0,3,"Robinson, Mr. Emily",male,23.3,1,0,VERLGO,7.38,,Q
676,0,2,"Williams, Mr. Thomas",male,,0,0,U8JZT56,25.5443,,C
677,0,3,"Sanchez, Mr. Barbara",male,26.0,1,0,PTX3I52,0.0,F75,S
678,0,3,"Gonzalez, Mr. John",male,32.9,1,0,JIUHK,9.679,,C
679,0,1,"Anderson, Mr. Logan",male,22.1,0,0,CQLSH,295.4226,,S
680,0,2,"Young, Mr. James",male,36.8,0,0,62JF9Y,24.2182,C33,S
681,0,1,"White, Mr. Harper",male,,1,0,ZHPOZG,0.0,D64,Q
682,0,1,"Lopez, Mr. Ethan",male,37.7,1,0,4HE35P,9.3421,,S
683,1,1,"Anderson, Mrs. Charles",female,35.2,1,5,TKVF2,75.9435,A36,C
684,0,3,"King, Mr. David",male,28.1,8,2,XSH7JN7,3.0464,,S
685,0,3,"Campbell, Mr. Ella",male,22.8,0,0,E1NUU,6.7985,,S
686,1,2,"Allen, Miss. Abigail",female,31.1,1,0,WPT0NGR9,19.3261,,S
687,1,2,"Taylor, Miss. James",female,36.7,1,0,G93EH,7.9278,,C
688,1,3,"Perez, Mrs. Harper",female,57.9,0,0,205S5VR,5.2913,,S
689,1,3,"Miller, Miss. James",female,42.2,0,0,PV48UAW,5.0469,,C
690,1,3,"Moore, Mrs. Emma",female,42.7,0,0,I5Q2NV,0.2716,,S
691,0,2,"Johnson, Mr. Jessica",male,72.2,1,0,6HUOQ4E,36.2375,,Q
692,1,3,"Roberts, Mr. Ethan",male,36.2,0,0,N6HIDPA,25.331,,S
693,1,1,"Williams, Mr. Jayden",male,35.8,1,0,IOVYCFL,0.0,,C
694,0,2,"Perez, Mr. Avery",male,,0,0,5ECW93U,15.8092,B81,S
695,1,3,"Martinez, Mrs. Scarlett",female,,0,1,UQQRU,0.0,,S
696,1,3,"Anderson, Mr. Mary",male,,0,0,GCBOS2P,14.8769,,C
697,0,3,"Allen, Mr. Patricia",male,21.9,0,0,90YNF7T,19.0427,,S
698,0,3,"Mitchell, Mr. Aiden",male,38.1,1,0,RD9T2,0.0,,S
699,0,3,"Smith, Mr. Olivia",male,26.6,0,0,AWXIZI,9.4656,,C
700,0,2,"Davis, Mr. Isabella",male,30.9,1,0,0EKF0IX,26.1952,,C
701,0,2,"Moore, Mr. Sofia",male,,0,0,C5ZJ5Z,21.1871,,C
702,1,2,"Evans, Mrs. Charles",female,41.1,5,0,GACT268V,25.5176,,C
703,0,1,"Williams, Dr. Sofia",male,26.7,0,0,KAHCYS1,149.7809,,Q
704,0,3,"Wilson, Miss. Ella",female,19.6,0,0,6Z6XM,1.0729,B117,S
705,1,2,"Lee, Miss. Richard",female,44.9,0,0,VGDXDDC,19.6544,,S
706,0,3,"Jackson, Mr. Sofia",male,39.8,0,0,7RFSRVP,11.5844,,C
707,0,3,"Williams, Mr. William",male,,0,0,L6TLAYN,2.5224,A63,S
708,0,3,"Perez, Mrs. Thomas",female,24.6,1,1,RR2TZ,2.3315,,S
709,0,2,"Allen, Mr. Aiden",male,31.3,0,0,4ANZFPO,20.2243,,S
710,1,3,"Wilson, Mrs. Ryan",female,39.9,0,0,8DH1GR79,2.249,B85,S
711,0,3,"Scott, Mr. Patricia",male,,0,2,EFG1GP3R,24.8628,,C
712,1,3,"Williams, Miss. Emily",female,33.0,0,0,RN8TGW14,8.1987,C28,S
713,1,3,"Baker, Miss. Amelia",female,37.2,1,0,DW0XN,12.718,,C
714,0,3,"Thomas, Rev. Evelyn",male,29.9,0,0,U7N1F00J,19.1803,,C
715,0,3,"Taylor, Mr. Aiden",male,19.6,1,0,9CQAP,6.4159,,S
716,1,1,"Martinez, Mrs. Patricia",female,25.3,8,0,SIODVAMC,180.8477,,S
717,0,3,"Turner, Mr. Scarlett",male,29.3,0,1,C717Y,0.0,C78,S
718,1,1,"Robinson, Mr. Joseph",male,28.5,0,3,G87OIN,0.0,,S
719,0,3,"Scott, Mr. William",male,,0,0,7CW11G,0.0,B9,S
720,1,3,"Anderson, Mr. Noah",male,23.4,0,0,MODCA8,10.5047,,S
721,1,3,"Williams, Miss. Mary",female,29.8,0,0,I2RNEN,22.3967,B57,C
722,1,2,"Johnson, Mrs. Abigail",female,25.1,2,0,WOW17TI,7.9085,A34,S
723,0,1,"Harris, Mr. Amelia",male,25.5,0,0,FAUHI,21.7446,,S
724,1,3,"Jackson, Miss. Isabella",female,,0,0,L3EMBTE,0.1337,F14,S
725,1,1,"Nelson, Mr. Mary",male,13.9,1,0,05T81,93.441,,C
726,0,1,"Carter, Mr. Victoria",male,6.2,0,0,9DIPW9DI,203.0516,,S
727,0,2,"Martin, Mr. Mary",male,24.1,1,0,Y8701O,4.1654,,S
728,1,1,"Gonzalez, Miss. Susan",female,39.7,0,0,GSK7NOO,97.7508,,Q
729,0,3,"Lopez, Mr. Emma",male,52.6,0,0,7P9146LT,16.4257,,S
730,1,3,"King, Mr. Avery",male,39.9,2,2,LQBH3F,9.8866,,S
731,1,2,"Sanchez, Mr. Liam",male,,1,0,1JQ547W,27.2553,,S
732,1,1,"Wright, Miss. Mason",female,,1,0,OVY9N5SD,84.289,,C
733,0,1,"Williams, Rev. Owen",male,32.6,0,0,9QT77O1,53.1902,,C
734,0,2,"Jackson, Mr. Victoria",male,31.5,1,0,XZLKA4J,2.2479,,S
735,1,1,"Edwards, Miss. John",female,,0,2,YZ55A4H,40.8063,,C
736,0,3,"Thompson, Mr. Aiden",male,16.2,0,2,YBK6FIC,2.5162,E102,C
737,0,1,"Wilson, Mr. David",male,29.9,0,0,W4VK4,25.4707,A117,C
738,0,2,"Martinez, Mr. Sebastian",male,34.9,0,0,LSEM2V,18.3852,E137,C
739,0,2,"Johnson, Mr. Jayden",male,,0,0,1M15W1S6,19.2294,,C
740,0,2,"Carter, Mr. Robert",male,17.7,0,0,PJDWE,5.2399,,S
741,1,1,"Smith, Mrs. Jennifer",female,24.2,1,0,1I5BQ,0.0,F144,S
742,1,1,"Young, Mr. Avery",male,1.0,1,0,C2C6V,128.3283,,Q
743,1,3,"Lopez, Miss. Linda",female,20.3,2,0,7NOOX4,15.7008,,S
744,1,1,"Jones, Mrs. Jayden",female,,0,0,K6V3PH8,46.4477,,S
745,1,3,"Phillips, Mr. Charlotte",male,14.7,2,0,L4A7UVA,26.5215,,Q
746,0,3,"Adams, Mr. Amelia",male,31.3,0,0,ZUEX0,7.055,,C
747,0,2,"Mitchell, Miss. Logan",female,28.2,0,0,Y9RI86,17.9995,,C
748,0,2,"Parker, Mr. Elizabeth",male,1.0,1,0,P4ALTX,31.338,F72,C
749,1,3,"Campbell, Mrs. Charlotte",female,32.0,0,0,N5XT7DZ,11.9876,,S
750,1,3,"Green, Mrs. Ryan",female,16.0,0,0,XUNJT6QE,0.8027,,C
751,0,2,"Walker, Mr. Mary",male,35.8,0,0,D7THWT,23.1113,,Q
752,0,2,"Scott, Mr. Barbara",male,,0,0,V74JI9X,19.3625,,S
753,0,2,"Harris, Mr. Linda",male,29.4,1,1,TEBGJ,7.6033,,S
754,1,3,"Martinez, Mr. Sarah",male,25.0,0,2,4PT54,16.8136,,C
755,0,3,"Lopez, Mr. Michael",male,33.2,0,0,H09A554O,15.9438,,S
756,1,1,"Clark, Mr. William",male,30.7,0,0,0W0JG,0.0,,S
757,1,2,"Williams, Miss. Logan",female,,0,0,S47QJ6ZX,16.1317,A128,S
758,1,3,"Roberts, Mrs. Ava",female,7.5,1,0,IMBNQQF3,10.4157,A17,S
759,1,1,"Campbell, Miss. Charles",female,8.3,2,0,P5R6I4,151.3954,,S
760,0,3,"Lee, Mr. Liam",male,20.8,1,0,160V18VY,36.6524,,C
761,0,3,"Lewis, Mr. Jayden",male,28.9,1,0,81FKI,10.5801,A76,S
762,1,1,"Roberts, Mr. Sophia",male,20.5,0,0,5QP2N5,126.5289,,C
763,0,1,"Harris, Mr. Ava",male,37.8,1,0,JWRM6OEO,5.7286,,S
764,1,1,"Scott, Mrs. Owen",female,25.1,0,0,E0IDTF2,0.0,,S
765,0,3,"Robinson, Mr. Mary",male,15.5,0,0,PBN7X,7.9901,,S
766,0,1,"Hernandez, Mr. Ava",male,,0,0,FLNUH9X,116.0557,,C
767,1,1,"Carter, Miss. Scarlett",female,32.2,0,0,EVQYVX,0.0,,Q
768,1,1,"Martinez, Mr. Isabella",male,33.5,1,0,S0M7OY9M,138.957,,S
769,0,1,"Taylor, Mr. Jackson",male,55.3,1,0,IICTJ,143.5404,,Q
770,0,3,"Scott, Mr. Sebastian",male,19.6,2,0,EJN9Z,0.0,,S
771,0,2,"Green, Mr. Sarah",male,28.0,0,0,Y2LDSAH,30.8739,,S
772,1,3,"Evans, Miss. Mason",female,35.0,0,1,SYSTKHJ2,3.1172,C100,C
773,1,3,"Green, Mr. Richard",male,28.7,1,0,CTQUIAHG,28.8678,,S
774,1,3,"Johnson, Miss. Richard",female,22.0,0,0,MY8XG,3.4365,,Q
775,1,1,"Roberts, Miss. Jayden",female,,0,0,KH9XRP,167.0287,,S
776,1,3,"Lee, Miss. James",female,21.8,0,1,PW7RG8,23.6718,,C
777,0,3,"Smith, Mr. Charles",male,14.0,3,0,CT2JKK,11.3926,,S
778,0,1,"Hall, Mr. Abigail",male,,1,1,84I4L59Z,0.0,,S
779,1,3,"Wilson, Mrs. Liam",female,17.9,0,0,FXBXM8R1,0.0,,S
780,0,3,"Lee, Mr. Ethan",male,14.3,0,0,C0H0Q8,22.4574,E79,Q
781,0,2,"Clark, Mr. Susan",male,37.2,0,0,O02E0R,10.0477,F131,S
782,0,3,"Brown, Mrs. Charlotte",female,37.4,0,0,W1MK2AU8,17.3123,A34,S
783,0,3,"Roberts, Mr. Michael",male,16.3,0,0,ZR3A2G0M,14.2578,,S
784,1,3,"Robinson, Miss. David",female,25.4,0,0,V726FNPB,17.1485,,S
785,1,3,"Edwards, Mrs. Barbara",female,,0,0,B1Q14,18.1874,,S
786,1,2,"Clark, Miss. Scarlett",female,,0,1,4IO8K,39.2514,A121,C
787,0,3,"Young, Mr. David",male,34.6,0,0,SA3BWQFS,2.2692,,S
788,1,2,"Mitchell, Miss. Madison",female,40.5,0,0,DTBTI3,18.3972,,S
789,1,3,"Anderson, Mr. Sarah",male,,0,0,77DSIDOP,6.0772,F12,S
790,1,3,"Campbell, Mrs. Amelia",female,43.7,1,1,EOFBQC,0.0,,S
791,1,1,"Martinez, Mrs. Jackson",female,7.8,0,2,47DQ3UL3,60.4689,,S
792,0,2,"Collins, Mrs. Logan",female,11.5,1,0,9DZA6M,3.4672,,S
793,0,2,"Sanchez, Mr. James",male,38.9,0,2,487RC,18.01,,S
794,0,1,"Robinson, Mr. Aiden",male,52.4,0,1,BBFU1,126.417,,C
795,1,1,"Anderson, Mr. Theodore",male,35.9,0,1,HVIQ6E5,21.035,,S
796,0,2,"Hall, Mr. Madison",male,28.4,0,1,YJFQNS,2.7811,,S
797,0,1,"Perez, Mr. Barbara",male,,0,0,9Y420,250.3865,,S
798,0,1,"Collins, Mr. Madison",male,1.0,1,0,V6DQG,79.1731,E33,C
799,0,3,"Perez, Mr. Emily",male,,2,0,7B2M8AGZ,1.3168,,Q
800,1,3,"Lewis, Miss. Madison",female,24.0,0,0,CFMB2Y0Q,12.9096,,S
801,1,3,"Lopez, Miss. Olivia",female,,0,0,UYQXXX5,20.4048,,S
802,0,2,"Lopez, Rev. Mia",male,,1,0,5BRP5B,11.5644,,S
803,1,3,"White, Miss. Emily",female,,0,2,Q3QXG,25.6744,,C
804,1,3,"Smith, Miss. Ava",female,42.2,0,0,2BZEUZ7C,8.2476,,S
805,1,1,"Johnson, Mr. Aiden",male,30.9,1,4,YJZGFT,148.7886,,S
806,0,1,"Adams, Mr. Avery",male,,0,0,H55CKUR,71.6527,,S
807,1,3,"Thomas, Mrs. Jessica",female,29.1,0,0,T8LH0U,16.1028,,S
808,1,1,"Lee, Mrs. Evelyn",female,27.4,0,0,X10VQQJ,52.7221,,S
809,0,3,"Scott, Miss. Victoria",female,43.9,0,1,VZ1N0P,26.1084,E121,S
810,1,3,"Allen, Miss. Sophia",female,15.3,0,0,FJYHCJ,0.0,E88,C
811,1,1,"White, Mrs. Ella",female,68.4,1,0,FFON7IPK,76.4822,,C
812,1,1,"Adams, Mr. Michael",male,,0,0,LJZ2G,134.2721,,S
813,0,3,"Davis, Mr. Emma",male,34.3,1,0,J5DOLN,16.0139,D66,S
814,0,3,"Clark, Mr. Avery",male,36.4,1,0,TN31FQOQ,10.5084,F132,Q
815,1,1,"Garcia, Mrs. Sebastian",female,,1,1,39A45N,65.7573,,C
816,0,3,"Walker, Mr. Emily",male,40.1,0,0,DMI6DM,0.0,,C
817,0,3,"Jones, Mr. Madison",male,6.5,0,1,937LJU,10.9038,,Q
818,1,3,"Evans, Mrs. Sarah",female,48.6,0,0,A3DH70,4.7165,,S
819,0,3,"Wright, Mr. Avery",male,24.2,0,5,EJHXSM0,23.0988,,S
820,1,2,"Thomas, Miss. Charles",female,30.5,2,0,0DVHJ9O2,18.332,,S
821,0,1,"Allen, Mr. John",male,11.1,0,0,9JGLG,212.1422,,S
822,1,3,"Thompson, Mrs. Richard",female,36.4,1,0,FHZBPYQ,17.35,A68,S
823,0,2,"Robinson, Miss. Evelyn",female,,0,0,F81M5,29.0763,,S
824,0,3,"Wilson, Mr. Jayden",male,,0,0,B5YVM,19.4971,F35,S
825,0,3,"Robinson, Mrs. Sophia",female,25.0,0,0,VPNMUX2O,19.9234,D33,S
826,1,1,"Garcia, Mr. Logan",male,56.0,1,0,UVKCLC,8.8601,F110,C
827,1,3,"Davis, Mr. Aiden",male,56.8,0,0,82BMJ,36.3003,C12,S
828,1,1,"Young, Miss. Amelia",female,29.7,0,0,PJWRGKEY,0.0,,S
829,0,3,"Robinson, Miss. Lucas",female,29.9,1,6,3NRCNB06,8.7268,,S
830,1,2,"Moore, Mr. Emma",male,23.8,0,0,YVP0Y,39.9512,A86,S
831,1,3,"Williams, Mr. Noah",male,44.5,0,0,2XL0XE,14.8976,,S
832,1,3,"Gonzalez, Mrs. Scarlett",female,24.4,0,0,LBOQ1,13.1474,,S
833,0,2,"Parker, Mr. Emily",male,23.1,0,0,UXQ6L,4.8574,,S
834,0,3,"Green, Mr. Mia",male,42.7,0,0,AOA9I3,24.3036,,C
835,0,3,"Williams, Mr. Olivia",male,,0,0,JENVP,0.8844,,S
836,1,3,"Parker, Mr. Jayden",male,28.5,0,0,3BPVSFH,1.5477,,S
837,1,3,"Gonzalez, Mrs. Patricia",female,6.9,0,0,X9NSLB,1.7335,,C
838,0,3,"Hall, Mr. John",male,38.9,0,0,MFYJIO,9.0364,,S
839,1,2,"Smith, Mr. Ava",male,56.2,0,0,WP3AMTRY,17.248,,C
840,1,3,"Martin, Mrs. Mary",female,39.1,0,2,Q77R6XF,12.4657,,S
841,0,1,"Carter, Mr. Sarah",male,49.5,0,0,CHLCV,0.306,,S
842,1,3,"Jackson, Miss. Amelia",female,17.2,0,0,VSJW8L,4.3483,,S
843,0,3,"Wilson, Mr. Liam",male,32.3,0,0,S2T3CD,22.6114,,S
844,1,2,"Jones, Miss. David",female,15.8,0,0,IAHJ72,46.5999,,Q
845,1,1,"Parker, Miss. Joseph",female,25.8,1,1,84JR7Q,225.3386,B31,S
846,1,3,"Mitchell, Mrs. Evelyn",female,39.8,1,0,6XP50M,10.8545,,S
847,0,2,"Williams, Mr. Theodore",male,30.4,0,0,BD8B4H,13.7269,,S
848,1,3,"Parker, Mr. Aiden",male,9.2,0,0,09N7Q5D,6.8094,,Q
849,1,1,"Perez, Mrs. Charlotte",female,,0,0,WZ2MWW,57.867,,S
850,0,3,"Thompson, Mr. Linda",male,9.7,1,2,EAUAHSJJ,20.8345,,S
851,0,1,"Wright, Mr. Richard",male,35.9,0,0,YN2FDF,120.2271,A23,Q
852,0,1,"Thomas, Mr. Olivia",male,57.9,0,0,JBLYNNDY,163.3277,,S
853,1,3,"Thomas, Mrs. Richard",female,48.1,0,1,DZ7V7,4.0598,,S
854,1,3,"Green, Miss. Sofia",female,2.5,0,0,SMS6WA,21.3496,,S
855,1,1,"Anderson, Dr. Karen",male,48.9,0,0,NTUV548,161.8805,,S
856,1,3,"Thompson, Miss. Ethan",female,42.1,1,0,KH46BHY,22.3685,F27,C
857,0,3,"Thompson, Mr. Susan",male,7.4,2,0,B9DH9,13.6707,D84,S
858,0,3,"Davis, Mr. Sophia",male,,0,1,2UT3A,29.7305,,Q
859,0,2,"Perez, Mr. Ella",male,44.3,0,0,HR8CP,21.4447,,S
860,0,3,"King, Mr. David",male,36.7,0,0,HMHES7,0.0,,S
861,0,3,"Turner, Mr. Victoria",male,10.7,0,1,WY4363,6.2216,D143,S
862,0,3,"Walker, Mrs. Harper",female,37.6,0,0,80RLU31S,0.0,,S
863,1,3,"Wilson, Miss. Emily",female,1.0,0,0,JUNQK,0.0,,S
864,0,3,"Hernandez, Mr. Noah",male,25.9,1,0,QQ2ER,19.8371,B128,S
865,1,1,"Thompson, Mr. Owen",male,44.9,3,1,JLDU4RP0,185.7908,B99,S
866,1,3,"Evans, Mr. Aiden",male,29.3,0,0,O1K4JS,7.7235,,C
867,0,3,"Taylor, Mrs. Barbara",female,22.0,0,0,WPI07B,8.7434,,S
868,1,3,"Scott, Miss. Charlotte",female,41.5,0,0,ZZHESWK,6.4304,,S
869,1,1,"Miller, Mrs. Sebastian",female,42.6,0,0,TQRY92,95.378,D82,S
870,0,1,"Evans, Mr. Joseph",male,47.3,0,0,MA5XH,29.3044,,S
871,0,3,"Wright, Mr. Mia",male,41.2,0,0,UBF3KS6K,0.0,,
872,0,1,"Gonzalez, Mr. Victoria",male,44.1,0,0,D6VLC,197.2629,,Q
873,0,3,"Thompson, Mr. Joseph",male,39.3,1,2,BDVXU6J,10.6267,,S
874,0,2,"Thompson, Mr. Isabella",male,32.7,0,0,LNF2ZZF,16.6594,,S
875,0,3,"Taylor, Mr. Charlotte",male,30.3,0,0,2XBX9,7.2117,E59,S
876,1,3,"Young, Mrs. Barbara",female,25.7,0,0,JL1O08OU,22.3058,,S
877,0,2,"Turner, Mr. Barbara",male,,3,2,SC9TIU,13.1123,,S
878,1,2,"Thomas, Mr. Amelia",male,15.6,0,2,31NZB8,15.7864,F94,S
879,1,3,"Adams, Miss. Barbara",female,25.1,0,0,XXLYOYD,4.8279,,S
880,0,3,"Hall, Mr. Theodore",male,32.4,0,0,70EHT,21.155,,S
881,1,2,"Nelson, Mrs. Mia",female,49.2,0,0,OLEKK,12.3995,F61,C
882,1,3,"Nelson, Mr. Avery",male,28.4,5,1,WJBA8,0.0,,S
883,1,3,"Johnson, Miss. Emma",female,43.0,0,0,6FDT5,0.5872,B45,S
884,0,3,"Johnson, Mr. Jessica",male,44.1,1,0,L1CGL,0.0,,S
885,0,1,"Campbell, Mr. Sophia",male,25.8,0,0,3ZXAI7ZI,184.3078,,S
886,0,2,"Davis, Mrs. Avery",female,,0,2,009TC3A,22.6122,,S
887,0,2,"Hall, Mr. Emma",male,25.6,0,1,2E23XLH,36.7914,,S
888,0,1,"Adams, Mr. Joseph",male,47.5,0,2,FYGMSF2,97.2636,,S
889,0,1,"Robinson, Mr. Linda",male,37.9,0,0,A4Z4VWN,153.568,,S
890,0,3,"Smith, Mr. Charlotte",male,12.3,0,1,ILK1S,7.7425,,S
891,1,2,"Smith, Miss. Sofia",female,31.3,0,1,007LIA,40.3904,,C
