student_id,first_name,last_name,age,major,semester,final_score,attendance_rate,study_hours_per_week,assignments_submitted,passed,scholarship,gpa, 
STU02523,SAM,Patel ,20.0,computer science,Fall 2023,,0.937,6.4,2.0,F,Y,,
STU02602,SAM,Patel,23.0,Computer Science,fall2023,47%,0.772,3.9,0.0,F,0,2.5,
STU02526,Casey  ,Smith,22.0,PSYCH,F22,90,0.843,2.2,1.0,pass,False,2.68,
STU02031,Jordan ,smith,,MATH,fall 2022,75%,,1.5,7.0,,1,2.33,
STU02616,Taylor,Lee,1996.0,biology,fall2023,98,64.3%,5.4,2.0,pass,True,2.9,
STU02585,Taylor,Johnson,,Business,fall 2022,C-,87.3%,11.3,5.0,F,No,2.09,
STU02444,Riley,JOHNSON,21.0,Business Admin,Spring 2023,93,0.737,11.5,3.0,Pass,Yes,2.13,
STU02732,Alex,Patel ,22.0,MATH,Fall 2022,B-,78,5.8,6.0,0,,3.57,
STU02076,Casey  ,smith,29.0,Mathematics,Fall2022,,82,8.4,10.0,,,2.34,
STU02411,Alex,Patel ,,comp sci,Spring 2023,62,90.0%,6.0,4.0,Pass,0,2.37,
STU02568,Jordan , Lee,27.0,Biology,Spring 2023,89,56.2%,2.1,8.0,P,,3.95,
STU02070,Alex,Patel ,20.0,Business Admin,Fall 2022,79,0.613,4.6,3.0,Pass,,2.86,
STU02675,Sam,Smith,2007.0,Engineering,spring 2023,,98.4%,11.7,1.0,Pass,True,1.63,
STU02101,alex,Johnson,19.0,business,Fall 2022,77,72.9%,4.6,3.0,,,2.84,
STU02894,,,,business,,89,,7.8,9.0,P,False,3.29,
STU02925,Sam,Garcia,24.0,BUS,F22,85%,70.8%,9.8,6.0,Pass,1,2.61,
STU02629,Jordan ,Patel ,18.0,Psychology,spring 2023,A+,83.0%,9.5,3.0,fail,,2.84,
STU02299,Taylor,Patel ,23.0,ENG,Spring 2023,51,65.5%,5.4,3.0,0,0,3.96,
STU02924,SAM,Smith,21.0,CS,,C+,,2.3,6.0,pass,No,1.68,
STU02424,, Lee,,Business Admin,Spring2023,61,0.856,7.6,9.0,Pass,1,3.69,
STU02096,Taylor,Patel ,21.0,business,F22,53%,0.924,5.1,11.0,F,True,2.98,
STU02900,SAM,Patel ,22.0,Business,spring 2023,64,0.965,9.1,3.0,Pass,,,
STU02260,Morgan,Lee,18.0,Mathematics,Fall 2022,65%,80.8%,1.9,7.0,Pass,N,3.5,
STU02350,alex,Smith,,engineering,Fall 2023,83,0.453,5.8,3.0,Pass,1,3.27,
STU02528,Morgan,Smith,2006.0,Business,fall2023,96,65.5%,5.0,14.1962393200778,P,,1.65,
STU02694,SAM,JOHNSON,21.0,ENG,,52,96,4.3,1.0,Fail,True,1.98,
STU02361,Casey  ,,2002.0,Computer Science,F23,77,69.5%,7.9,10.0,Pass,N,3.83,
STU02611,SAM,Lee,1999.0,CS,Spring 2023,B+,0.57,5.9,14.867910698793708,Fail,1,2.72,
STU02884,Jordan,Garcia,19.0,biology,Fall2022,B,56.7%,,9.0,Pass,False,3.25,
STU02720,Alex,Johnson,1996.0,Biology,fall 2022,,70.8%,2.2,10.0,Fail,N,3.66,
STU02486,Casey  ,smith,24.0,psychology,fall2023,54,0.982,10.2,8.0,Fail,False,1.81,
STU02693,,,2006.0,business,Spring 2023,B-,75,2.4,7.0,1,True,3.96,
STU02408,Casey,Garcia,2004.0,comp sci,Spring2023,68,0.833,0.6,6.0,P,1,3.77,
STU02809,Casey,smith,,Mathematics,Fall 2023,57,84.0%,7.9,7.0,Fail,False,2.81,
STU02408,Casey,Garcia,2004.0,comp sci,Spring2023,68,0.833,0.6,6.0,P,1,3.77,
STU02740,alex,Davis,,CS,F23,50%,54.7%,8.1,10.0,,False,3.24,
STU02213,alex,Smith,2006.0,PSYCH,F22,82,70.8%,11.9,11.0,Pass,1,2.52,
STU02589,, Lee,26.0,Business,fall 2022,92,47.7%,3.2,2.0,1,Y,3.47,
STU02365,Jordan,Patel,1995.0,computer science,fall2023,81,93.4%,11.0,6.0,Pass,Y,1.83,
STU02199,SAM,smith,18.0,biology,Spring2023,72,0.708,1.7,11.0,pass,True,,
STU02636,alex,,25.0,Mathematics ,spring 2023,69%,0.978,5.4,6.0,,Yes,,
STU02628,, Lee,25.0,Computer Science,spring 2023,96,54.6%,5.5,9.0,1,No,2.4,
STU02828,Sam,smith,19.0,,Spring 2023,,,9.2,10.0,,False,,
STU02352,,Garcia,2007.0,comp sci,Spring 2023,81,0.693,0.5,4.0,,0,3.06,
STU02329,Casey,Garcia,26.0,BUS,Fall 2022,,80,3.7,0.0,Pass,Y,3.32,
STU02981,Morgan,,23.0,computer science,F23,,88.6%,6.6,10.0,Pass,1,2.71,
STU02837,Casey  ,Smith,23.0,Business,Fall 2023,B,,5.3,2.0,Fail,Yes,,
STU02244,Riley,Patel,20.0,PSYCH,fall2023,49%,91.2%,9.7,0.0,F,Y,3.34,
STU02286,Alex,Patel ,1997.0,Business,Fall 2022,47,75.9%,4.4,9.0,0,0,3.79,
STU02289,Jordan ,Smith,18.0,Mathematics ,SP23,,95,2.0,1.0,F,Y,2.69,
STU02598,,,29.0,BIO,Spring 2023,200%,45.3%,,6.0,pass,1,1.84,
STU02761,Sam,Davis,,Computer Science,F23,B,80.8%,9.3,6.0,Fail,True,2.03,
STU02059,SAM,,24.0,comp sci,SP23,55%,0.854,3.4,3.0,Fail,N,3.86,
STU02622,,Patel,,Mathematics ,spring 2023,D+,52.4%,3.1,9.0,0,True,2.19,
STU02318,,Smith,2003.0,comp sci,fall2023,93,80.9%,11.5,4.0,pass,False,2.3,
STU02010,Riley,smith,,Computer Science,F23,66,58.4%,7.9,7.0,pass,Yes,1.57,
STU02237,Riley,Lee,1999.0,BUS,Spring 2023,,61.3%,6.1,8.0,Pass,1,1.95,
STU02331,Alex,Smith,19.0,Business,SP23,62,,1.5,11.0,pass,0,1.79,
STU02705,,Brown,23.0,computer science,fall 2022,97,47.1%,6.4,7.0,,1,2.59,
STU02086,Casey, Lee,1999.0,CS,SP23,50,,4.4,10.0,F,0,3.22,
STU02803,Alex,smith,19.0,MATH,Fall2022,C,0.461,2.3,13.084261620732468,pass,True,2.01,
STU02174,Jordan ,Patel ,18.0,Mathematics ,F22,72,91.0%,4.4,4.0,pass,Yes,1.64,
STU02312,Alex,Davis,23.0,computer science,SP23,A,0.594,7.0,0.0,0,True,3.69,
STU02462,SAM,,2004.0,biology,Spring 2023,,0.573,8.0,0.0,Fail,Y,1.97,
STU02218,Morgan,JOHNSON,1998.0,business,Fall 2023,,78,4.4,2.0,fail,True,2.93,
STU02030,Riley,Davis,23.0,biology,SP23,F,,1.8,14.273797886495064,,N,3.51,
STU02547,Jordan,Patel ,17.0,engineering,F22,78,87.8%,7.5,2.0,P,No,,
STU02664,,Smith,27.0,comp sci,fall 2022,76,66,1.7,7.0,P,Y,,
STU02054,SAM,JOHNSON,20.0,PSYCH,F23,C+,0.67,4.1,4.0,Pass,Yes,,
STU02023,Casey  ,Johnson,2001.0,Computer Science,spring 2023,D+,0.873,,9.0,,True,3.06,
STU02256,Jordan ,,22.0,Engineering,F23,98,50.7%,10.4,1.0,Pass,0,3.77,
STU02450,Casey  ,Patel,,Psychology,SP23,C-,79.5%,11.5,7.0,Pass,No,2.36,
STU02003,Casey  ,Patel ,21.0,Engineering,SP23,,55.8%,6.5,2.0,Pass,False,2.15,
STU02833,Casey,Patel ,,Mathematics,Spring2023,C-,62.0%,8.7,4.0,1,0,,
STU02552,Morgan,Patel ,20.0,Mathematics ,,59,68.4%,9.8,4.0,,No,1.94,
STU02638,,Brown,2001.0,Mathematics ,SP23,67,69.3%,10.5,2.0,Pass,N,2.95,
STU02477,Riley,Johnson,26.0,math,,94%,65.9%,,7.0,1,True,1.81,
STU02956,Taylor,JOHNSON,21.0,computer science,Spring 2023,78%,59.4%,11.8,6.0,,No,1.88,
STU02662,Casey  ,Patel,19.0,computer science,Spring2023,,0.79,2.5,8.0,,True,1.83,
STU02518,Morgan, Lee,28.0,BUS,fall2023,70,54.8%,10.4,0.0,P,Y,2.33,
STU02960,alex,JOHNSON,24.0,BUS,F23,,50.5%,7.0,2.0,1,,1.95,
STU02953,,Davis,28.0,engineering,Spring2023,95,53.0%,7.0,6.0,Pass,0,3.99,
STU02979,Sam,smith,25.0,ENG,Fall2022,81%,75.3%,1.9,5.0,1,False,2.98,
STU02575,Riley,Davis,,,SP23,65,78,8.6,7.0,Pass,N,2.9,
STU02539,Taylor,Lee,19.0,Biology,Spring 2023,59,78.0%,7.2,10.0,Fail,No,2.65,
STU02215,Morgan,Johnson,,Business,Fall2022,,81.2%,2.6,11.0,1,0,2.02,
STU02737,Sam,Lee,21.0,Psychology,F22,,0.494,6.9,9.0,Pass,1,2.91,
STU02998,alex,Lee,,Biology,Spring 2023,92,62.6%,1.7,5.0,1,False,2.14,
STU02713,alex,smith,21.0,BIO,Fall2022,84,0.951,3.0,3.0,P,True,3.32,
STU02667,SAM,smith,1999.0,psychology,,F,55.8%,2.8,7.0,pass,True,3.43,
STU02039,Jordan, Lee,,BIO,Spring2023,68,0.875,0.9,6.0,Pass,1,1.55,
STU02231,SAM,Garcia,,Psychology,spring 2023,83,89,,9.0,P,0,2.1,
STU02494,Alex,,,ENG,SP23,91,,10.2,2.0,pass,Y,2.09,
STU02704,Riley,Garcia,27.0,Mathematics ,F22,,0.987,4.5,2.0,,Y,,
STU02967,Alex,,26.0,math,spring 2023,66,45.8%,2.5,7.0,pass,False,3.55,
STU02066,Taylor,Patel,20.0,CS,Spring 2023,B+,,,14.300701636316898,Fail,No,2.7,
STU02294,SAM,Patel ,19.0,MATH,,97%,0.712,1.3,4.0,,True,1.59,
STU02067,,Johnson,26.0,BIO,Fall2022,85,,0.9,1.0,,No,2.03,
STU02479,,Garcia,27.0,ENG,Fall 2022,,0.601,2.7,5.0,pass,N,,
STU02328,SAM,Smith,29.0,psychology,spring 2023,45,,3.3,0.0,F,No,1.74,
STU02812,Casey,JOHNSON,,Business,Fall 2022,98,86.4%,2.8,3.0,P,No,3.1,
STU02107,Casey, Lee,1995.0,Mathematics ,fall2023,50,,8.9,4.0,Fail,N,1.81,
STU02983,Jordan,Johnson,1999.0,engineering,SP23,81,0.836,4.0,7.0,P,Y,2.36,
STU02346,Alex, Lee,24.0,BIO,Fall2022,57,56.4%,9.9,8.0,F,0,1.58,
STU02298,Jordan,Davis,1998.0,CS,fall2023,79,68.5%,0.6,0.0,Pass,1,3.06,
STU02643,Sam,,2007.0,,Fall 2022,71,,10.7,7.0,P,N,2.01,
STU02307,Taylor,,25.0,Psychology,F22,89,58.3%,9.0,0.0,P,True,2.62,
STU02854,Alex,Lee,,math,F23,,0.666,10.5,2.0,Fail,0,2.81,
STU02506,SAM,Johnson,,math,SP23,80,0.926,9.5,5.0,P,False,3.75,
STU02296,Taylor,smith,1996.0,business,F23,,0.609,5.6,4.0,Pass,False,2.35,
STU02880,Jordan,Brown,21.0,Biology,Fall 2023,D+,,4.2,9.0,,N,3.95,
STU02666,Casey  ,Garcia,25.0,Business,Fall2022,D+,83.0%,11.8,7.0,F,False,2.23,
STU02100,Jordan,JOHNSON,,Computer Science,Spring 2023,48,85.9%,2.7,8.0,,Y,,
STU02088,Casey,smith,25.0,MATH,fall2023,D,51,2.1,3.0,Pass,No,2.42,
STU02063,,Lee,28.0,Mathematics,Fall 2023,69,70.1%,6.4,2.0,,Yes,,
STU02843,Jordan ,smith,,Engineering,F23,,93.5%,6.3,3.0,Pass,N,2.29,
STU02888,alex,Smith,,ENG,Spring2023,72%,0.754,2.0,2.0,1,0,3.01,
STU02139,Taylor,Patel,22.0,Mathematics ,fall 2022,70%,,4.1,14.67344352678046,,,2.07,
STU02757,Sam,Lee,1996.0,computer science,Spring2023,93,71.4%,8.0,6.0,P,,2.53,
STU02615,,Lee,22.0,BUS,spring 2023,71,50,7.2,7.0,1,True,2.95,
STU02499,Riley,Patel,1995.0,Business Admin,Spring 2023,84,61.4%,,10.0,1,0,3.92,
STU02665,Morgan,JOHNSON,25.0,Computer Science,spring 2023,,54,6.4,2.0,Pass,1,3.92,
STU02584,Sam,Garcia,28.0,Business,Fall 2022,D,0.802,0.7,1.0,P,Yes,,
STU02109,Jordan ,Smith,20.0,ENG,spring 2023,D+,0.948,,11.0,F,0,3.1,
STU02916,Jordan,Smith,2005.0,BUS,Fall 2023,,71,2.1,6.0,Fail,Yes,2.15,
STU02650,Riley,Patel,19.0,Business,Fall 2022,52,0.745,7.7,10.0,Fail,1,,
STU02533,SAM,Patel,28.0,Biology,F22,98%,66.1%,,2.0,Pass,False,,
STU02445,,Davis,17.0,BUS,Fall 2023,53,0.778,4.9,14.796005051657657,Fail,,3.37,
STU02605,Sam,,,PSYCH,SP23,50,0.715,5.6,10.0,,0,,
STU02136,Jordan ,Garcia,,business,spring 2023,84,87.3%,7.6,1.0,P,True,3.4,
STU02811,Jordan,Brown,17.0,Computer Science,Spring2023,,0.922,8.1,0.0,,Y,,
STU02514,Morgan,Patel,29.0,engineering,Fall 2022,94%,0.688,7.1,0.0,1,Y,2.74,
STU02753,Taylor,smith,,Engineering,SP23,88,61.6%,3.6,3.0,,0,2.06,
STU02158,Morgan,Johnson,,psychology,fall2023,89,45.7%,7.0,9.0,Pass,True,1.88,
STU02310,alex,Lee,24.0,BUS,fall 2022,68,48.2%,7.0,3.0,Pass,Y,,
STU02327,Taylor,Brown,20.0,business,F22,F,67.2%,12.0,1.0,pass,True,2.8,
STU02170,alex,JOHNSON,,BUS,Spring2023,200,82.4%,,8.0,Pass,False,1.78,
STU02935,Alex, Lee,27.0,Computer Science,Fall2022,C+,0.797,9.8,2.0,0,1,1.92,
STU02254,Sam,Lee,24.0,computer science,SP23,52,68.5%,1.1,11.0,Fail,True,1.92,
STU02275,Alex,Patel ,,math,spring 2023,C-,89.8%,9.3,1.0,Fail,0,2.57,
STU02901,Jordan,Smith,19.0,CS,Spring 2023,B+,0.748,6.6,10.0,pass,No,3.3,
STU02184,Jordan , Lee,,engineering,F23,89%,71.5%,7.6,1.0,,True,3.77,
STU02582,Jordan ,smith,17.0,comp sci,,C+,0.539,9.1,6.0,Pass,No,3.07,
STU02660,Taylor,smith,22.0,Mathematics ,fall2023,,,11.7,12.45633688689049,Pass,1,1.75,
STU02896,,Davis,2000.0,Biology,spring 2023,82%,0.958,10.7,11.0,Pass,False,3.17,
STU02209,Casey,Smith,25.0,BUS,fall 2022,,60,4.0,6.0,P,1,2.87,
STU02168,Taylor,JOHNSON,25.0,biology,fall 2022,45,78.8%,7.9,9.0,Fail,No,3.59,
STU02866,alex,Patel,24.0,engineering,Spring2023,F,0.518,0.7,2.0,Pass,False,1.94,
STU02280,Morgan,Davis,23.0,Mathematics ,,74,56.7%,1.4,5.0,Pass,True,2.05,
STU02426,SAM,smith,20.0,Business,Fall 2023,98%,,9.4,11.0,pass,True,2.37,
STU02541,SAM,Davis,2002.0,BUS,fall 2022,97,85.3%,4.2,2.0,P,0,2.87,
STU02055,Taylor,Patel,17.0,biology,fall2023,C+,,3.8,7.0,P,True,2.61,
STU02120,Alex,Garcia,2001.0,Business,Spring 2023,55,0.651,7.1,9.0,fail,Y,1.92,
STU02554,Casey  ,Davis,1999.0,BIO,spring 2023,61%,0.6,8.9,0.0,Pass,True,,
STU02025,Jordan ,Brown,20.0,biology,Spring 2023,47,69.7%,0.9,7.0,Fail,Y,2.51,
STU02072,Taylor,Garcia,22.0,biology,SP23,,0.492,,5.0,P,Y,3.39,
STU02538,Riley,Brown,28.0,biology,Fall2022,B,100,10.5,2.0,F,False,,
STU02044,alex,Garcia,22.0,,F22,47,0.535,11.7,8.0,Fail,0,2.09,
STU02497,Alex,Smith,,computer science,fall 2022,46%,92.4%,11.7,5.0,0,N,1.81,
STU02198,Casey  ,Smith,27.0,Mathematics,fall2023,48,,7.0,5.0,F,N,3.38,
STU02377,Morgan,smith,2001.0,Business,Spring 2023,45,,6.0,5.0,fail,Y,1.63,
STU02314,SAM,JOHNSON,29.0,MATH,fall 2022,57,97.0%,6.9,10.0,Fail,False,3.99,
STU02718,Jordan,Patel ,28.0,Business Admin,SP23,C-,87.8%,11.2,5.0,Pass,1,3.08,
STU02208,SAM,Davis,17.0,BUS,Fall 2023,,58.9%,5.3,5.0,1,False,2.03,
STU02721,,Johnson,29.0,,fall 2022,85,0.555,6.5,11.0,P,1,3.93,
STU02918,Jordan , Lee,19.0,computer science,Fall2022,75,66,,4.0,Pass,N,,
STU02535,Sam,Lee,,Business Admin,,91%,80.7%,5.4,9.0,Pass,Y,3.64,
STU02695,Jordan ,Davis,20.0,,F23,F,85.1%,10.8,0.0,1,Yes,3.29,
STU02604,Taylor,Smith,2005.0,Business,Spring2023,65,,9.2,4.0,1,No,3.14,
STU02590,Casey,Smith,17.0,Business,F22,96,0.979,,7.0,Pass,Yes,2.69,
STU02290,Morgan,smith,19.0,biology,F22,C-,78.2%,9.4,6.0,Pass,Yes,3.67,
STU02959,Jordan,Brown,,Mathematics,fall2023,D+,99,7.7,8.0,0,N,3.67,
STU02332,Riley,Brown,18.0,Psychology,Spring2023,,0.599,4.4,9.0,,N,2.86,
STU02210,Jordan,Garcia,26.0,,F23,87,60.2%,9.8,5.0,P,,2.95,
STU02342,Alex,Garcia,2006.0,psychology,,86,65.6%,1.6,3.0,P,No,2.68,
STU02060,Alex,JOHNSON,,BIO,Fall 2022,C+,56.8%,12.0,7.0,0,Y,1.66,
STU02344,Jordan,Johnson,20.0,comp sci,fall 2022,51,47.2%,7.7,10.0,,0,1.62,
STU02890,Sam,Patel,22.0,comp sci,SP23,50,90.2%,10.7,5.0,,Y,2.72,
STU02711,,Davis,2006.0,biology,Spring2023,A+,54.3%,1.3,2.0,F,0,,
STU02467,Riley,smith,25.0,Computer Science,Fall2022,51,,11.0,4.0,0,0,2.25,
STU02423,Riley,JOHNSON,23.0,psychology,Fall 2022,48,0.773,5.9,2.0,Fail,Yes,2.81,
STU02259,Morgan,Davis,21.0,psychology,F22,C-,78,5.4,3.0,Pass,Y,,
STU02780,Taylor,Patel ,23.0,Mathematics ,Fall 2022,B+,78,,0.0,fail,True,2.59,
STU02405,SAM,Lee,22.0,Mathematics ,fall 2022,91,90.8%,0.9,2.0,,Y,3.64,
STU02788,Jordan,Johnson,21.0,ENG,Spring2023,,,6.1,10.0,,1,1.67,
STU02767,,Johnson,,ENG,fall2023,46%,92.4%,,2.0,0,Yes,3.42,
STU02483,Casey,Brown,17.0,Biology,fall 2022,86,93.5%,9.5,9.0,Pass,,3.14,
STU02530,alex,Davis,18.0,math,spring 2023,45,57.3%,8.3,1.0,F,N,3.9,
STU02810,Morgan,Patel ,27.0,biology,,200,0.993,3.6,0.0,pass,Y,2.51,
STU02999,Alex,Brown,,math,Fall2022,62,57.8%,0.5,10.0,pass,N,1.96,
STU02966,alex,JOHNSON,23.0,CS,F22,C-,0.64,,7.0,,Y,3.74,
STU02110,Morgan,Johnson,20.0,ENG,F23,92,0.824,4.6,8.0,pass,,2.99,
STU02995,SAM,Patel ,,CS,SP23,A-,58.9%,9.0,13.164755880321144,fail,,2.57,
STU02558,Jordan,Lee,,Psychology,Fall 2022,,85.7%,9.6,1.0,pass,N,2.04,
STU02793,Taylor,Brown,22.0,Mathematics,fall 2022,64,76.1%,5.3,5.0,,No,3.37,
STU02936,SAM,Smith,27.0,comp sci,Fall2022,52,0.873,11.2,3.0,,N,3.45,
STU02919,Alex,Patel ,1995.0,,spring 2023,,,1.1,7.0,fail,N,2.9,
STU02942,Casey,Patel ,,Computer Science,spring 2023,91,98.7%,11.2,10.0,Pass,No,3.08,
STU02319,alex,Smith,29.0,Engineering,SP23,74%,75.5%,9.7,2.0,P,Y,3.72,
STU02516,Jordan,smith,26.0,comp sci,Spring 2023,D+,53,5.4,5.0,Pass,No,3.59,
STU02449,SAM,JOHNSON,27.0,Engineering,Spring2023,77%,63,5.5,3.0,Pass,Yes,2.42,
STU02783,Casey,Johnson,20.0,BIO,,80,50,6.2,8.0,P,No,3.8,
STU02593,Casey  ,Lee,22.0,Psychology,fall2023,D,0.929,7.4,6.0,pass,No,3.15,
STU02909,Taylor,,22.0,Computer Science,Spring 2023,,94,9.9,4.0,,Yes,1.87,
STU02743,Morgan, Lee,18.0,Computer Science,F22,,0.913,3.1,5.0,P,Yes,1.51,
STU02137,Sam,Davis,20.0,Engineering,Spring2023,47,52.0%,4.7,8.0,F,N,3.96,
STU02799,Sam,Garcia,20.0,psychology,F23,52,64.0%,5.7,12.0368344612224,Fail,,3.02,
STU02933,, Lee,23.0,Business,Fall 2022,50,61.6%,11.7,9.0,0,N,3.92,
STU02822,,Johnson,,Mathematics ,Spring 2023,86,,0.7,10.0,Pass,,1.58,
STU02765,Morgan,Garcia,,MATH,Fall 2022,47,95.2%,5.6,0.0,Fail,Y,3.55,
STU02261,Casey  ,Smith,27.0,computer science,F23,B,45.6%,2.6,1.0,F,Yes,1.77,
STU02567,SAM,Lee,20.0,Mathematics,Spring 2023,,0.54,9.3,5.0,Pass,No,2.06,
STU02832,Jordan ,Patel ,25.0,ENG,fall 2022,,,2.7,11.0,Pass,0,1.69,
STU02381,alex,Garcia,,Business,F23,83,0.85,5.7,7.0,Pass,No,2.33,
STU02333,Casey,,27.0,MATH,SP23,0%,49.5%,1.7,7.0,0,Y,1.75,
STU02536,Riley, Lee,27.0,business,F22,92,69,8.9,5.0,pass,Yes,1.62,
STU02351,SAM,Patel ,25.0,ENG,Spring 2023,88,84.2%,6.9,11.0,P,1,2.42,
STU02785,Jordan,Garcia,2004.0,math,fall 2022,89,78.7%,12.0,6.0,P,0,2.09,
STU02451,SAM, Lee,2002.0,comp sci,SP23,D,0.483,8.1,11.0,P,False,,
STU02078,,JOHNSON,2000.0,Mathematics,F22,B-,84.6%,,5.0,Pass,True,1.8,
STU02029,Casey  ,Garcia,17.0,Business Admin,Fall2022,50,0.878,2.7,2.0,Fail,N,2.87,
STU02712,Jordan ,JOHNSON,23.0,Business Admin,fall2023,86,,11.3,9.0,pass,1,2.59,
STU02277,SAM,Patel,2000.0,Computer Science,fall2023,83,69.9%,1.2,9.0,P,False,3.98,
STU02247,alex,,2007.0,BIO,Fall2022,84,69.3%,8.8,3.0,P,No,,
STU02657,,Johnson,23.0,business,fall 2022,B+,46.3%,7.4,10.0,0,N,1.51,
STU02306,Alex,smith,18.0,psychology,Fall2022,56,0.866,6.5,2.0,0,1,2.73,
STU02165,Sam,Patel,29.0,Psychology,,86,52.7%,2.6,5.0,pass,N,2.18,
STU02816,Riley,smith,18.0,Mathematics ,fall2023,F,58.2%,5.8,3.0,Pass,1,2.04,
STU02178,Alex, Lee,1995.0,psychology,spring 2023,A-,77.4%,,9.0,Pass,Y,,
STU02485,Alex,,17.0,ENG,F22,61,74.3%,9.9,5.0,,Y,1.79,
STU02065,,Davis,22.0,computer science,Fall 2023,82,67.1%,4.5,1.0,P,0,2.04,
STU02141,,Smith,17.0,PSYCH,SP23,D,0.912,,3.0,1,True,1.59,
STU02436,Alex,JOHNSON,,CS,SP23,79%,69.5%,1.3,2.0,1,Yes,3.13,
STU02522,alex,smith,2003.0,engineering,Spring 2023,D,52.5%,9.0,4.0,1,N,2.18,
STU02844,Riley,Patel,28.0,engineering,fall2023,,,6.5,3.0,P,Y,3.15,
STU02420,SAM,Smith,26.0,,F22,A+,0.583,,4.0,Pass,True,2.94,
STU02404,Casey,Patel,20.0,Engineering,F23,C-,75.1%,3.8,5.0,,Y,1.96,
STU02679,Morgan,Johnson,,Psychology,Fall 2023,82,65.7%,4.5,2.0,,No,2.5,
STU02265,Alex,Patel,20.0,Psychology,fall2023,52,,0.5,9.0,fail,No,3.68,
STU02879,SAM,Patel ,2004.0,math,spring 2023,54,0.928,2.7,6.0,F,0,2.25,
STU02292,Morgan,Smith,19.0,,Spring2023,60%,85.2%,5.2,5.0,1,No,2.86,
STU02221,Morgan,Patel ,25.0,Engineering,SP23,59%,81.8%,4.8,8.0,fail,,2.68,
STU02827,Taylor,Johnson,27.0,Psychology,SP23,65,51.2%,1.3,14.737716424703638,1,True,3.3,
STU02235,SAM,Garcia,2006.0,CS,fall2023,,86.3%,11.9,5.0,1,0,2.76,
STU02525,,Johnson,29.0,Biology,F23,A-,76.8%,11.8,0.0,Pass,True,1.67,
STU02192,Morgan,smith,27.0,Mathematics ,fall 2022,200%,75.4%,10.8,7.0,Pass,,2.88,
STU02321,SAM,Patel ,17.0,Engineering,Spring2023,61,0.926,1.6,2.0,pass,N,3.06,
STU02049,Sam,Johnson,28.0,psychology,Spring2023,A,0.609,7.7,4.0,F,1,2.41,
STU02891,Riley,Patel,2001.0,Mathematics,F22,98%,90,4.1,6.0,Pass,No,3.97,
STU02002,Alex,JOHNSON,2005.0,business,F23,70,75.5%,2.2,4.0,pass,1,1.86,
STU02817,Alex,Patel ,25.0,Business Admin,SP23,F,0.588,7.4,1.0,Pass,0,3.35,
STU02370,Taylor,Lee,22.0,Mathematics,,99,60.5%,11.7,3.0,P,,2.17,
STU02921,SAM,Smith,1998.0,Mathematics ,SP23,83,86,10.9,4.0,P,,2.93,
STU02249,Casey,,,Psychology,Fall 2022,45,60.1%,5.1,8.0,,0,2.6,
STU02548,,Brown,1997.0,engineering,Spring 2023,,0.635,1.9,14.581284337553031,P,False,2.18,
STU02432,Riley,Patel,28.0,Biology,Fall 2023,93,0.94,1.0,3.0,Pass,Yes,3.83,
STU02886,Sam,JOHNSON,,comp sci,F23,,59.5%,8.2,6.0,Pass,N,2.66,
STU02507,Casey,JOHNSON,2005.0,Mathematics ,Spring2023,92,0.488,1.7,8.0,1,N,3.26,
STU02033,alex,Patel,17.0,business,Spring 2023,F,0.483,5.6,14.349673880125948,1,No,2.71,
STU02204,Casey  ,Davis,22.0,Business Admin,Fall2022,53,64.7%,,11.0,Fail,0,,
STU02889,Casey  ,Davis,21.0,,F23,,51.5%,4.4,10.0,,No,3.63,
STU02588,Riley,Garcia,2001.0,Business,fall 2022,82,0.652,6.7,4.0,Pass,Y,2.83,
STU02730,Alex,,25.0,PSYCH,spring 2023,C+,47.0%,9.9,3.0,1,True,1.69,
STU02077,Sam,Brown,27.0,Engineering,F22,96,0.864,0.8,8.0,Pass,Yes,3.75,
STU02084,Jordan,Davis,29.0,,Spring 2023,84,75.6%,3.7,7.0,,,2.54,
STU02305,Jordan,Johnson,22.0,PSYCH,fall 2022,B+,63.9%,10.3,8.0,P,True,1.85,
STU02082,SAM,smith,1996.0,engineering,Fall 2022,49%,,6.0,7.0,,Yes,2.19,
STU02448,,Patel,22.0,Business Admin,spring 2023,67,45.3%,7.5,3.0,P,N,2.89,
STU02997,Jordan,Johnson,18.0,Computer Science,,C,55.4%,5.1,9.0,1,,3.04,
STU02751,Taylor,Smith,,BUS,F23,59,95,6.2,0.0,,True,2.6,
STU02531,Jordan ,Johnson,,Mathematics ,fall 2022,79%,59.0%,6.3,4.0,,1,3.82,
STU02323,Taylor,Patel ,28.0,Biology,,,63.9%,5.0,1.0,F,N,2.53,
STU02495,alex,JOHNSON,29.0,business,fall2023,C-,0.55,10.0,7.0,0,1,3.52,
STU02910,Morgan,Lee,,MATH,F23,D+,67,9.5,7.0,,Yes,3.4,
STU02005,Morgan,,27.0,ENG,Spring2023,81%,0.958,9.8,6.0,pass,1,2.06,
STU02425,Morgan,Brown,2002.0,Business,SP23,,,5.8,1.0,,N,2.11,
STU02490,SAM,Patel ,2006.0,business,Fall 2023,84,0.821,2.5,4.0,P,0,3.55,
STU02097,,Davis,,biology,Fall 2023,72,89.7%,3.7,1.0,P,True,1.92,
STU02650,Riley,Patel,19.0,Business,Fall 2022,52,0.745,7.7,10.0,Fail,1,,
STU02422,Taylor,Garcia,,comp sci,F23,89,46,5.3,11.0,pass,1,3.14,
STU02885,Riley,Brown,28.0,BIO,fall 2022,96,57.1%,1.8,11.0,,Yes,3.51,
STU02281,Morgan,Brown,23.0,ENG,fall 2022,C,0.452,3.9,4.0,1,N,2.43,
STU02266,, Lee,22.0,business,SP23,A-,58.6%,10.0,5.0,,Yes,1.82,
STU02442,Jordan ,Patel ,17.0,business,,75%,47.5%,11.2,0.0,,Y,1.81,
STU02745,Sam,smith,29.0,ENG,Spring2023,,0.612,,4.0,Pass,N,,
STU02382,Taylor,JOHNSON,17.0,Business Admin,,A-,0.747,5.6,11.0,pass,Y,2.24,
STU02692,Riley,,22.0,computer science,Fall 2023,53,0.489,8.3,3.0,Fail,Y,3.39,
STU02893,Alex,Patel,,Engineering,F22,75%,98.5%,,2.0,,No,2.97,
STU02534,,,18.0,Business Admin,spring 2023,C-,61.6%,11.8,3.0,P,Y,2.24,
STU02118,Casey  ,JOHNSON,28.0,BUS,Spring2023,64,74.1%,2.6,11.0,,Y,2.86,
STU02388,Casey,Johnson,2004.0,business,spring 2023,52,49,4.2,11.0,,,2.4,
STU02250,Casey  ,Garcia,21.0,MATH,Fall2022,50,99,,4.0,0,,3.13,
STU02943,Jordan,Brown,28.0,ENG,,96,0.786,7.0,8.0,Pass,Yes,1.69,
STU02453,alex,Brown,,BUS,Fall 2022,C-,100,8.6,0.0,P,Yes,1.82,
STU02009,Casey, Lee,1995.0,math,F23,,71.9%,5.7,1.0,1,Yes,,
STU02196,Jordan,JOHNSON,26.0,Computer Science,F22,87%,0.657,5.0,1.0,,N,3.14,
STU02618,Morgan,Garcia,2000.0,CS,fall 2022,92,,11.8,8.0,1,Y,2.37,
STU02081,SAM,Garcia,,CS,,58,0.817,11.4,10.0,Fail,0,2.86,
STU02398,,Patel ,26.0,PSYCH,Fall 2022,A+,,4.7,2.0,F,True,3.69,
STU02501,Casey  ,Patel ,1997.0,BIO,Spring 2023,63,65.8%,,9.0,Pass,Y,1.75,
STU02634,SAM,Davis,,MATH,Spring 2023,-5,0.657,3.6,3.0,Fail,,3.96,
STU02239,Jordan,Patel ,21.0,computer science,F22,,0.925,,11.0,F,,3.53,
STU02309,SAM,Patel ,,Business Admin,Fall2022,83%,86.2%,6.0,5.0,P,1,2.51,
STU02211,Morgan,Smith,,MATH,Spring 2023,C+,,10.9,5.0,Fail,1,2.41,
STU02834,alex,Davis,19.0,PSYCH,Spring 2023,79,63,,4.0,Pass,True,3.79,
STU02380,Casey,Smith,2005.0,MATH,SP23,93,0.523,7.3,2.0,Pass,Y,3.42,
STU02601,Casey,Davis,22.0,CS,Spring 2023,61,51.0%,6.8,8.0,P,True,2.64,
STU02227,alex,Davis,18.0,BIO,SP23,48,,1.2,5.0,F,False,1.76,
STU02873,alex,Davis,1998.0,business,,58,92.2%,6.4,4.0,fail,False,2.6,
STU02359,,Lee,25.0,,fall2023,B+,48.8%,11.1,10.0,Pass,No,2.95,
STU02813,Jordan ,Brown,1997.0,,Fall 2022,46,0.78,8.4,7.0,F,True,3.29,
STU02177,alex,Brown,27.0,PSYCH,Spring2023,46,,9.2,0.0,Fail,False,2.51,
STU02994,, Lee,19.0,Engineering,Fall 2022,B-,81.3%,11.5,0.0,1,Y,,
STU02756,Jordan ,Lee,,biology,Fall 2022,56%,88.8%,1.9,11.0,Fail,,1.93,
STU02493,SAM,Brown,,engineering,Fall 2023,-5%,0.879,7.5,1.0,fail,N,,
STU02334,,Johnson,,ENG,F22,80,74.0%,11.4,10.0,Pass,,3.9,
STU02892,Taylor,Garcia,,business,spring 2023,52,66,4.3,1.0,F,N,3.95,
STU02007,Riley,Smith,26.0,Mathematics,Spring 2023,73,51.7%,3.0,8.0,Pass,N,2.22,
STU02155,Jordan ,,,math,SP23,67,45.2%,5.9,6.0,1,1,3.06,
STU02842,Morgan, Lee,28.0,Mathematics ,Fall 2023,,0.751,,7.0,F,No,1.75,
STU02750,Alex,,,Mathematics,F22,49%,0.901,6.1,7.0,,,2.69,
STU02941,Alex,Johnson,2000.0,Engineering,F22,66%,80,6.8,4.0,1,N,1.76,
STU02482,Taylor,Patel,1996.0,computer science,fall2023,68,54,11.3,9.0,Pass,,2.35,
STU02846,Jordan ,Garcia,19.0,Biology,Fall 2022,49%,0.964,,0.0,,N,2.89,
STU02749,Casey  ,Lee,18.0,business,F23,D,0.845,6.9,2.0,,N,2.01,
STU02903,Taylor,smith,2000.0,MATH,Fall 2023,74,50.5%,4.3,6.0,1,,2.13,
STU02591,Alex,Smith,,Computer Science,Fall2022,F,89.5%,3.0,7.0,0,No,2.02,
STU02952,Casey,JOHNSON,26.0,Mathematics ,F23,51,0.892,0.9,11.0,Fail,False,3.05,
STU02580,Casey,Smith,,computer science,SP23,96,91,10.8,11.0,1,No,2.31,
STU02439,Morgan,Johnson,2000.0,Engineering,,60,62.2%,,9.0,Pass,False,3.85,
STU02542,Alex,Lee,26.0,BUS,Fall2022,F,96.3%,5.9,0.0,Pass,0,2.94,
STU02596,Jordan, Lee,20.0,PSYCH,SP23,,0.958,9.5,0.0,Pass,False,2.96,
STU02723,Taylor, Lee,,ENG,Fall2022,83,78.3%,4.1,4.0,,False,1.79,
STU02677,Riley,Smith,29.0,engineering,SP23,C-,0.613,1.0,1.0,P,True,3.02,
STU02478,Taylor,Patel ,22.0,Biology,fall 2022,67,,1.8,2.0,Pass,Y,3.68,
STU02228,Casey  ,Lee,18.0,biology,Spring2023,83%,86,3.0,0.0,Pass,No,3.43,
STU02974,Riley,Brown,25.0,Business Admin,,A-,98.5%,8.5,1.0,Pass,1,2.42,
STU02814,SAM,Davis,17.0,Biology,Spring2023,C,76.3%,2.6,6.0,,N,2.16,
STU02212,Taylor,Brown,28.0,Psychology,F23,58,85.2%,10.1,8.0,F,0,3.54,
STU02079,Jordan,Johnson,20.0,BUS,SP23,55,99.3%,10.1,2.0,F,0,2.03,
STU02148,Taylor, Lee,24.0,Biology,,68,71.3%,2.0,1.0,,False,,
STU02302,Riley,Lee,,Computer Science,Fall 2023,,0.454,8.1,4.0,P,No,2.17,
STU02355,Morgan,Lee,22.0,PSYCH,fall 2022,58,,11.7,5.0,,N,2.47,
STU02429,Alex,Brown,26.0,math,Fall 2023,C-,0.902,0.9,0.0,Pass,True,2.81,
STU02519,alex,Davis,23.0,BIO,Fall 2023,66,79.5%,2.8,4.0,1,No,2.81,
STU02362,,Patel ,1997.0,computer science,fall2023,,0.691,2.1,6.0,Pass,0,3.63,
STU02594,Riley,Smith,,Mathematics ,F23,79,0.615,6.4,1.0,Pass,0,1.67,
STU02357,,smith,26.0,Business Admin,fall2023,75,78,11.0,7.0,1,N,2.35,
STU02133,,,28.0,BIO,F22,99,,1.6,12.30941474771196,P,No,,
STU02829,Jordan ,Davis,28.0,psychology,Fall 2022,79,79.1%,4.3,0.0,pass,True,1.92,
STU02311,Taylor,,26.0,Psychology,Spring 2023,55,68.9%,9.5,0.0,F,0,3.64,
STU02621,SAM,Patel ,27.0,Mathematics ,F23,88%,0.524,8.1,2.0,1,No,,
STU02464,SAM,JOHNSON,2002.0,engineering,spring 2023,84,0.905,8.5,5.0,pass,,2.92,
STU02993,Riley,Patel,2006.0,BIO,fall2023,77,79.1%,,5.0,,True,2.98,
STU02000,SAM,Johnson,24.0,Biology,F22,74%,0.454,3.7,4.0,Pass,No,3.47,
STU02316,Alex,smith,19.0,business,F23,72,53.1%,0.5,11.0,1,True,1.67,
STU02722,Casey  ,Davis,25.0,computer science,fall2023,60,94.7%,3.1,2.0,Pass,,2.91,
STU02559,,Brown,18.0,Business Admin,Fall 2022,64,0.828,3.3,9.0,,1,1.7,
STU02371,Riley,,26.0,ENG,SP23,A,0.548,3.1,6.0,F,True,1.65,
STU02544,,Johnson,19.0,computer science,SP23,69%,80.9%,10.0,3.0,1,True,3.5,
STU02849,Sam,JOHNSON,24.0,Mathematics ,Spring2023,66,60.2%,3.1,7.0,Pass,1,3.34,
STU02394,Sam,Davis,,math,fall 2022,73,0.709,,1.0,1,False,,
STU02172,Morgan,Johnson,,Business Admin,SP23,67,,0.7,5.0,P,0,2.17,
STU02125,Sam,,25.0,Computer Science,F22,71,69.3%,3.0,10.0,Pass,0,3.21,
STU02898,Jordan ,smith,2007.0,biology,Fall 2022,,97.1%,,5.0,Pass,No,1.83,
STU02578,,,21.0,Business,fall 2022,80,76.1%,6.2,12.55270583999186,1,No,3.85,
STU02948,Jordan ,,,BUS,fall 2022,,,6.5,7.0,,Y,,
STU02920,Morgan,smith,,ENG,Fall2022,84,0.545,9.5,5.0,P,1,2.84,
STU02090,Alex,JOHNSON,1999.0,Business,fall 2022,73,68.5%,3.3,11.0,P,0,,
STU02970,Alex,Smith,23.0,computer science,Spring 2023,77,90.0%,6.1,0.0,pass,,2.79,
STU02181,Jordan ,smith,22.0,engineering,F23,78,81,4.8,5.0,Pass,Y,2.37,
STU02363,Casey  ,Johnson,2000.0,Engineering,fall2023,82%,0.554,6.2,8.0,pass,False,1.8,
STU02274,alex,JOHNSON,23.0,Biology,Fall 2023,99,85.5%,4.8,11.0,,Yes,3.46,
STU02912,Morgan,Patel,1996.0,Mathematics ,fall2023,,85.4%,11.2,2.0,F,N,3.97,
STU02069,SAM,,24.0,Computer Science,Spring 2023,70,0.962,2.2,4.0,,N,2.23,
STU02291,Alex,Lee,18.0,psychology,fall2023,,0.999,6.0,7.0,1,Y,3.06,
STU02131,Sam,Smith,,BIO,SP23,,0.668,3.4,0.0,1,False,1.94,
STU02300,Sam,Smith,2000.0,biology,,47,86.7%,11.2,6.0,F,No,2.56,
STU02447,Jordan ,Johnson,27.0,computer science,F23,B-,58.7%,2.7,7.0,F,Yes,1.51,
STU02326,,smith,20.0,BIO,Spring 2023,76,,4.0,10.0,pass,,3.54,
STU02144,Alex,Smith,18.0,ENG,SP23,65,69.6%,11.1,3.0,Pass,False,3.37,
STU02551,Jordan,Johnson,28.0,Engineering,,,94.5%,3.6,2.0,Fail,False,3.51,
STU02595,Jordan ,Johnson,20.0,Business Admin,spring 2023,59%,84.2%,6.3,3.0,F,No,3.77,
STU02655,Alex, Lee,1996.0,CS,spring 2023,49,79.6%,6.9,1.0,Fail,1,2.17,
STU02135,Alex,Lee,1996.0,,Spring2023,73,76,3.2,6.0,pass,N,2.38,
STU02430,Casey  ,Johnson,24.0,BIO,Fall 2023,90,0.467,11.1,8.0,Pass,,3.7,
STU02164,Morgan,Patel,27.0,CS,fall2023,77%,0.983,,3.0,pass,Yes,3.26,
STU02028,alex,Davis,,biology,F22,,0.463,8.4,4.0,pass,,3.08,
STU02587,Morgan,Smith,17.0,Business,fall2023,68%,0.674,10.8,10.0,,Y,3.64,
STU02193,Morgan,Smith,2000.0,Biology,spring 2023,C,63.7%,4.1,2.0,fail,False,3.26,
STU02790,Alex,Johnson,20.0,Computer Science,SP23,,54.7%,2.2,11.0,Fail,1,3.08,
STU02652,Sam,Garcia,28.0,Business Admin,Spring 2023,D,97.6%,1.8,0.0,Pass,True,3.23,
STU02169,Taylor,Patel ,20.0,BUS,SP23,A+,95,2.2,3.0,fail,N,3.19,
STU02513,Alex,Johnson,26.0,engineering,Spring2023,61%,0.729,0.5,1.0,1,0,2.2,
STU02140,Sam,Smith,,,fall2023,48,0.858,0.6,10.0,0,0,3.4,
STU02173,alex,smith,2006.0,engineering,Spring2023,87%,,6.4,9.0,Pass,N,1.98,
STU02006,alex,JOHNSON,2005.0,Engineering,SP23,B,,1.1,4.0,Fail,Yes,2.06,
STU02656,SAM,Patel,2000.0,Mathematics ,Fall 2022,,,7.5,9.0,Pass,N,2.89,
STU02964,Jordan ,Patel ,29.0,psychology,Fall 2023,47%,0.526,5.3,11.0,Fail,N,,
STU02073,Jordan ,Lee,,biology,F22,63,66.6%,9.5,13.071900785935428,1,,2.51,
STU02764,Jordan ,Smith,22.0,biology,SP23,A,0.976,1.4,5.0,1,Y,3.8,
STU02653,,Patel ,1997.0,BUS,Spring2023,,48.0%,3.6,9.0,pass,False,2.92,
STU02238,,Brown,1996.0,psychology,SP23,B-,99,9.8,3.0,1,False,3.49,
STU02145,Taylor,Patel ,28.0,CS,fall2023,55%,53.2%,,9.0,Fail,N,3.91,
STU02808,Riley,Garcia,23.0,CS,Fall 2023,,54.9%,5.1,13.592219803607357,,No,2.58,
STU02234,Morgan,Johnson,26.0,Computer Science,F22,110,0.658,4.0,5.0,Pass,False,2.27,
STU02220,Riley,Patel,22.0,engineering,spring 2023,,0.969,1.9,7.0,F,True,1.64,
STU02500,Jordan ,JOHNSON,28.0,Engineering,fall 2022,49,0.662,11.0,5.0,F,Y,3.42,
STU02673,Morgan,Johnson,22.0,Business,Fall2022,94%,0.465,11.3,6.0,P,True,3.83,
STU02132,Jordan , Lee,29.0,Biology,Fall 2022,64,99.3%,11.0,11.0,,0,2.51,
STU02024,alex,Johnson,19.0,math,Spring2023,72,53.9%,8.9,2.0,1,True,2.5,
STU02433,SAM,Davis,22.0,BIO,,76,76,7.7,0.0,P,0,,
STU02670,,Patel,,CS,,,0.691,3.0,4.0,Pass,Y,3.09,
STU02185,alex,JOHNSON,22.0,ENG,F22,C-,0.595,2.7,4.0,F,False,3.14,
STU02041,Alex,Brown,22.0,Mathematics ,Fall2022,64,0.475,7.2,6.0,Pass,False,3.35,
STU02625,Casey,Brown,,Mathematics,,B-,60.9%,7.5,9.0,1,No,3.94,
STU02108,Casey  ,Johnson,29.0,Business Admin,SP23,72,0.797,4.1,3.0,,,2.92,
STU02603,Jordan ,Smith,22.0,engineering,F22,A+,,2.7,5.0,pass,No,3.78,
STU02056,Alex,JOHNSON,22.0,Mathematics ,Fall 2023,97%,0.831,11.0,11.0,1,Y,1.51,
STU02428,Taylor,Lee,2004.0,ENG,Fall 2022,83%,47.6%,8.2,1.0,Pass,True,2.01,
STU02468,Morgan,Patel,,,fall2023,59,54,1.4,6.0,F,N,,
STU02576,Riley,JOHNSON,29.0,MATH,F23,,94,9.5,0.0,Fail,True,3.23,
STU02877,Taylor,smith,19.0,computer science,fall2023,74,0.711,7.6,4.0,P,0,2.87,
STU02024,alex,Johnson,19.0,math,Spring2023,72,53.9%,8.9,2.0,1,True,2.5,
STU02440,Jordan ,JOHNSON,21.0,computer science,Spring2023,81,0.506,10.9,9.0,P,True,2.49,
STU02882,Alex,Smith,,MATH,F22,86,46,4.1,3.0,Pass,Y,3.01,
STU02543,Morgan,Patel ,25.0,computer science,fall 2022,66,0.622,4.8,4.0,1,,1.71,
STU02633,alex,Smith,29.0,Mathematics,SP23,A+,,11.5,2.0,Pass,False,2.0,
STU02830,Alex,,,math,fall 2022,45%,70,3.1,0.0,Fail,N,2.89,
STU02944,Morgan,Patel ,,Mathematics,Fall 2023,77,75,9.9,9.0,1,,1.74,
STU02338,Taylor,Patel,2007.0,,F22,58%,0.718,8.2,11.0,Fail,True,2.74,
STU02051,alex,Patel,2004.0,Engineering,Spring 2023,C-,0.844,11.4,7.0,Fail,False,1.74,
STU02383,alex,Smith,24.0,MATH,,C-,62.1%,5.7,7.0,,Yes,1.77,
STU02527,Taylor,Smith,25.0,Engineering,spring 2023,A-,49.4%,,1.0,Pass,0,1.96,
STU02938,Morgan,Patel,22.0,MATH,Spring 2023,56,80.0%,5.1,10.0,F,N,2.74,
STU02887,Sam,smith,20.0,CS,F23,98%,92.7%,10.4,1.0,1,True,3.08,
STU02264,Riley,Patel ,20.0,BUS,F23,,0.97,3.3,6.0,P,True,2.99,
STU02549,,Davis,26.0,Mathematics ,fall 2022,77,79.7%,7.1,3.0,P,,3.69,
STU02913,Alex,Davis,28.0,MATH,fall2023,55,63.0%,11.9,8.0,fail,0,2.24,
STU02697,Casey  ,Smith,29.0,math,,,0.904,2.6,6.0,,No,2.08,
STU02395,alex,Brown,1995.0,CS,Spring2023,58,0.593,8.7,8.0,,False,2.28,
STU02529,Morgan,Brown,,MATH,spring 2023,74,64,4.1,4.0,1,,1.74,
STU02868,Morgan,Smith,26.0,Mathematics ,F22,89,0.961,6.7,11.0,P,False,2.01,
STU02018,Casey,Smith,17.0,ENG,Spring2023,,65.7%,9.3,8.0,P,No,3.22,
STU02731,SAM,Patel ,,Computer Science,fall2023,89,0.99,,11.0,P,True,2.25,
STU02678,Taylor,smith,,Engineering,fall2023,56,0.45,8.8,6.0,Fail,False,2.9,
STU02581,,Johnson,24.0,math,Fall2022,64,,2.0,1.0,,True,2.37,
STU02976,Morgan,Garcia,20.0,comp sci,fall 2022,84,71.8%,11.6,11.0,1,,3.47,
STU02367,Sam,,,CS,spring 2023,,71.6%,10.1,9.0,Pass,N,1.51,
STU02083,alex,Garcia,,MATH,Fall 2022,C-,64,6.5,3.0,P,0,3.07,
STU02061,Sam,JOHNSON,1999.0,,F23,54,80.4%,2.9,9.0,Fail,True,3.77,
STU02841,Riley,Patel ,,Psychology,Fall 2022,B,87.1%,7.8,11.0,F,No,3.77,
STU02272,Sam,Smith,24.0,math,fall2023,B+,50.3%,8.4,5.0,Pass,N,2.76,
STU02285,SAM,smith,24.0,PSYCH,Fall 2022,75%,,,1.0,1,,1.79,
STU02360,alex,,2000.0,Computer Science,Fall2022,D,78.3%,8.7,11.0,P,Y,2.87,
STU02354,Jordan ,Brown,,BUS,fall2023,C-,69,4.7,4.0,,0,3.34,
STU02481,SAM,smith,,biology,Spring 2023,49,52.7%,,9.0,Fail,0,2.52,
STU02278,SAM, Lee,25.0,Mathematics,SP23,0,77.8%,8.7,11.0,0,N,2.1,
STU02012,Riley,Patel ,,PSYCH,Fall2022,52,0.642,2.2,10.0,fail,Y,1.71,
STU02182,Sam,Patel,20.0,,SP23,,71.5%,,7.0,,1,2.89,
STU02368,Casey  ,Patel ,,Mathematics ,F22,92%,91.9%,8.8,14.933318735922937,Pass,No,2.64,
STU02599,,smith,29.0,engineering,Spring 2023,65,0.567,2.8,9.0,P,True,3.37,
STU02630,Riley, Lee,23.0,Engineering,Fall 2022,C,95,5.4,1.0,Pass,,,
STU02223,Alex,Johnson,22.0,MATH,fall 2022,69,71.1%,4.9,6.0,Pass,No,3.85,
STU02971,Riley,Garcia,25.0,,Fall2022,58%,0.657,7.8,3.0,0,Yes,1.62,
STU02714,alex,Smith,17.0,BIO,,91,91.0%,6.2,9.0,P,Yes,1.54,
STU02777,Alex,Lee,29.0,Business Admin,Fall 2023,C-,58.6%,2.8,4.0,F,Y,3.67,
STU02557,Casey,Brown,2007.0,psychology,fall2023,F,64.4%,7.4,11.0,Fail,0,2.69,
STU02465,Alex,smith,1997.0,,fall 2022,95%,53.2%,2.2,3.0,Pass,True,3.77,
STU02597,Casey  ,smith,1996.0,ENG,fall 2022,48%,61,5.7,1.0,0,Y,1.53,
STU02707,Casey,JOHNSON,17.0,ENG,fall2023,,98,8.4,5.0,pass,1,2.86,
STU02176,alex,Patel,20.0,Biology,Fall2022,63%,89,11.5,4.0,P,1,2.43,
STU02680,Riley,Johnson,2003.0,PSYCH,SP23,46,50.0%,11.3,11.0,fail,True,3.66,
STU02853,Morgan,Patel ,22.0,Mathematics ,Spring 2023,B+,62,3.1,6.0,,No,2.49,
STU02954,Casey  ,Smith,23.0,MATH,fall2023,49,0.869,3.2,5.0,F,N,2.75,
STU02456,Jordan ,Brown,,Mathematics ,fall2023,C,0.552,9.3,7.0,P,Yes,1.78,
STU02532,SAM,Johnson,20.0,Business Admin,Fall 2022,82%,78.3%,11.2,6.0,Pass,0,3.75,
STU02393,Taylor, Lee,,engineering,Fall 2023,52,98.2%,8.7,9.0,F,N,1.98,
STU02163,Alex, Lee,,Mathematics ,,95%,86.9%,,1.0,Pass,Y,1.54,
STU02248,SAM,Garcia,21.0,Biology,spring 2023,74,82.7%,4.6,1.0,,False,2.53,
STU02649,Casey,Davis,23.0,Psychology,fall 2022,66,,9.0,6.0,,Y,3.75,
STU02902,Riley,Garcia,,Engineering,SP23,71,,8.9,3.0,,No,2.81,
STU02684,Sam,Brown,19.0,comp sci,Fall2022,A,0.966,2.9,5.0,F,False,1.9,
STU02375,Casey,Brown,2006.0,ENG,Fall 2023,C+,74,2.8,5.0,P,True,2.13,
STU02412,Casey, Lee,17.0,Mathematics ,fall2023,,0.753,11.0,8.0,fail,False,,
STU02074,,Davis,1997.0,Mathematics,Fall2022,64,0.902,5.6,11.0,Pass,No,3.74,
STU02113,,Brown,19.0,ENG,Fall2022,89,0.62,11.3,3.0,P,,3.12,
STU02583,Taylor,Patel,28.0,PSYCH,F23,69%,45.6%,1.2,10.0,pass,False,3.21,
STU02572,Taylor,Patel ,,engineering,Fall 2022,0,99.4%,6.5,13.202996645401733,F,Y,2.76,
STU02390,Taylor,Patel,26.0,Psychology,Fall 2022,C+,0.972,3.4,0.0,0,Y,2.45,
STU02104,Casey,smith,17.0,Mathematics,fall2023,77,77.8%,6.9,9.0,P,,3.53,
STU02114,Riley,Patel,1998.0,PSYCH,Spring2023,B,94.9%,3.7,12.064920006181946,fail,0,2.09,
STU02417,Sam,Brown,23.0,engineering,fall2023,F,,6.2,9.0,P,,2.88,
STU02668,Alex,Garcia,,Psychology,F23,93,90,4.5,5.0,Pass,False,,
STU02457,Alex,Lee,20.0,Biology,F23,D,46,5.2,7.0,,,2.4,
STU02409,,Brown,,psychology,SP23,54%,,8.5,5.0,F,False,2.26,
STU02092,Casey, Lee,24.0,PSYCH,F22,98%,,0.7,6.0,1,1,2.26,
STU02819,Jordan,Garcia,29.0,biology,Spring 2023,,0.875,11.4,1.0,pass,False,2.54,
STU02089,Jordan ,Patel ,25.0,Mathematics,spring 2023,88,,8.2,9.0,P,No,3.13,
STU02336,Casey  ,Patel,17.0,computer science,F22,80,87.2%,7.4,7.0,1,N,,
STU02487,Alex,Garcia,,Business,Fall 2022,C-,0.552,10.6,2.0,fail,Yes,2.75,
STU02939,Casey  ,Patel,22.0,Mathematics ,Spring 2023,,51.4%,11.7,6.0,P,0,3.65,
STU02951,Casey, Lee,19.0,comp sci,fall2023,,60.2%,11.7,0.0,Pass,True,1.85,
STU02883,Casey,smith,29.0,Business Admin,Spring 2023,A,58.0%,3.0,0.0,Fail,N,2.65,
STU02620,Morgan,Brown,26.0,engineering,Spring2023,91,98.2%,,11.0,Pass,True,1.91,
STU02789,,Smith,23.0,BIO,F23,69,49,1.0,1.0,Pass,1,2.6,
STU02626,Casey,,17.0,BIO,Spring2023,-5,56.3%,0.7,1.0,Fail,,2.69,
STU02094,alex,Lee,17.0,Mathematics ,Spring 2023,A+,64.2%,0.8,0.0,F,,,
STU02011,Taylor,Johnson,26.0,Computer Science,fall 2022,C-,,3.2,7.0,Pass,,3.7,
STU02396,Casey,Brown,20.0,,fall 2022,67,0.686,6.0,4.0,P,,,
STU02545,alex,Davis,,Business Admin,Spring 2023,D,47.5%,3.8,2.0,F,Y,3.07,
STU02043,Jordan,Patel,,ENG,,98,65,9.5,3.0,Pass,No,1.85,
STU02042,alex,Smith,2001.0,business,fall2023,82,77.1%,5.5,8.0,,Y,3.22,
STU02167,Alex,smith,19.0,business,spring 2023,59,45,,5.0,0,1,,
STU02416,alex,Johnson,,Business,Spring2023,C,,2.7,10.0,1,0,2.33,
STU02876,Morgan,smith,1995.0,engineering,fall2023,91,0.898,9.9,11.0,Pass,,2.59,
STU02426,SAM,smith,20.0,Business,Fall 2023,98%,,9.4,11.0,pass,True,2.37,
STU02899,,smith,22.0,Computer Science,spring 2023,A,47,,9.0,1,1,3.2,
STU02980,Sam,Garcia,26.0,BIO,F22,61%,,5.2,11.0,1,Yes,1.84,
STU02975,Jordan,Brown,2002.0,Engineering,SP23,75,89.1%,11.0,0.0,Pass,False,2.39,
STU02687,Sam,Smith,18.0,engineering,Fall2022,B,72.8%,9.3,3.0,P,1,2.99,
STU02257,Casey,Patel ,26.0,Biology,fall 2022,62,55.4%,2.2,3.0,pass,N,2.93,
STU02335,Riley,Johnson,20.0,comp sci,Spring2023,A-,0.792,5.4,11.0,,Yes,3.07,
STU02015,Taylor,Brown,2001.0,math,Fall2022,60%,0.63,10.5,10.0,1,,1.79,
STU02644,Riley,,,ENG,fall 2022,69%,54.2%,3.7,6.0,,Y,3.51,
STU02324,Casey  , Lee,1998.0,Psychology,Spring2023,58%,93,9.5,9.0,0,False,3.79,
STU02774,Taylor,JOHNSON,24.0,BIO,SP23,52,87.0%,6.4,2.0,F,Y,1.64,
STU02222,Taylor, Lee,1997.0,ENG,F23,,53.3%,9.8,11.0,P,True,2.33,
STU02179,Casey  ,Smith,23.0,business,Fall 2023,,0.918,10.5,7.0,P,Y,2.94,
STU02802,Sam,Brown,,,F22,97,0.638,1.3,0.0,Pass,True,2.07,
STU02521,Casey  ,,21.0,CS,,84%,,2.3,2.0,Pass,,2.91,
STU02022,alex,Davis,,math,fall 2022,,97.7%,8.2,6.0,,False,1.98,
STU02356,alex,smith,18.0,engineering,Fall 2023,200,61.3%,9.6,10.0,P,0,1.61,
STU02961,Alex,Patel,22.0,biology,Fall 2022,76,0.791,6.6,11.0,Pass,No,3.81,
STU02905,Casey,Davis,2003.0,Mathematics ,Spring 2023,95%,0.577,3.3,10.0,Pass,Y,1.77,
STU02340,SAM,,23.0,BIO,,,96.4%,0.7,2.0,Pass,1,2.43,
STU02431,Alex,Smith,28.0,Business Admin,Fall 2022,84,0.971,,13.827746446181612,P,True,3.82,
STU02773,Sam,,29.0,BIO,F23,,0.672,8.3,1.0,P,N,3.7,
STU02850,, Lee,19.0,business,Spring2023,,55.1%,1.7,11.0,,True,3.3,
STU02203,alex, Lee,2000.0,biology,,55,0.676,11.2,6.0,Fail,Y,1.66,
STU02917,, Lee,18.0,MATH,Fall 2023,47%,85.9%,1.4,3.0,0,No,,
STU02093,Jordan ,JOHNSON,27.0,Business,F22,96,96.4%,6.8,8.0,pass,Yes,3.36,
STU02570,Riley,,2003.0,Engineering,Spring2023,94%,0.977,,5.0,Pass,No,,
STU02068,alex,Lee,17.0,Business,F23,48%,0.908,1.0,3.0,F,No,2.3,
STU02754,Riley,Patel,19.0,PSYCH,Fall2022,97,72,10.1,14.5686818482655,1,N,3.19,
STU02284,SAM,Patel ,,BIO,Spring2023,65%,,4.9,0.0,P,N,2.75,
STU02927,Jordan,Johnson,25.0,comp sci,Fall2022,45,0.922,4.1,1.0,Fail,N,1.82,
STU02434,Casey  ,Lee,,Mathematics ,fall2023,90,,1.4,2.0,P,Yes,,
STU02153,Taylor,Smith,20.0,Engineering,F22,A-,64.3%,7.9,9.0,P,No,,
STU02075,,smith,18.0,Mathematics ,fall 2022,B+,0.553,4.6,4.0,Pass,Yes,1.62,
STU02746,Riley,Smith,,,Fall 2022,69,67.0%,,7.0,pass,Y,3.1,
STU02446,Casey  ,Patel ,21.0,Psychology,F23,C,0.698,2.5,2.0,0,N,3.13,
STU02188,Morgan,Garcia,17.0,Psychology,Spring2023,D,72.2%,0.8,3.0,Fail,Y,3.58,
STU02271,Casey, Lee,,Business Admin,F23,61,54,3.2,3.0,1,Y,3.38,
STU02236,Casey,Patel ,2002.0,business,fall2023,68,55.4%,8.5,3.0,Pass,1,3.55,
STU02487,Alex,Garcia,,Business,Fall 2022,C-,0.552,10.6,2.0,fail,Yes,2.75,
STU02117,SAM,Patel,,ENG,Fall2022,90%,45.3%,6.3,6.0,Pass,,1.88,
STU02835,Jordan,Patel,1995.0,psychology,Spring2023,,0.696,5.2,0.0,P,False,1.65,
STU02512,alex,,24.0,CS,Fall2022,78,78.5%,,11.0,1,,2.79,
STU02242,Jordan ,JOHNSON,22.0,MATH,fall 2022,A,0.834,1.1,1.0,1,,1.7,
STU02685,,Davis,2005.0,business,,83%,64.6%,,5.0,P,0,2.58,
STU02126,,Davis,17.0,BUS,fall 2022,,,,8.0,P,Y,2.62,
STU02116,Jordan ,Lee,,MATH,Spring 2023,51,87.6%,7.4,8.0,Fail,N,3.28,
STU02473,Riley,,22.0,Mathematics ,Fall 2023,94,79.3%,8.3,11.0,Pass,False,1.71,
STU02708,Taylor,Garcia,1998.0,Mathematics,Fall2022,52,77.1%,10.6,2.0,,False,2.41,
STU02057,Casey,JOHNSON,17.0,BUS,Fall 2022,,67.7%,7.8,1.0,pass,False,2.28,
STU02689,Jordan,Brown,2002.0,Engineering,F22,87,88.1%,6.4,10.0,P,False,2.57,
STU02929,Jordan ,Johnson,26.0,,Spring2023,110,45,4.4,7.0,P,False,2.49,
STU02369,Morgan,Johnson,22.0,engineering,fall 2022,C-,99.1%,10.9,4.0,Pass,True,1.56,
STU02268,,Brown,,engineering,fall 2022,,0.777,9.9,8.0,fail,,3.22,
STU02046,SAM,Garcia,2003.0,BUS,Spring 2023,,68.2%,9.7,7.0,Fail,False,3.61,
STU02349,Casey  ,smith,17.0,comp sci,Fall2022,B+,86,,6.0,Pass,True,3.83,
STU02195,Taylor,Smith,24.0,Business Admin,Spring2023,53%,0.757,10.5,8.0,F,,3.7,
STU02913,Alex,Davis,28.0,MATH,fall2023,55,63.0%,11.9,8.0,fail,0,2.24,
STU02851,Casey,JOHNSON,,Mathematics,spring 2023,B,0.925,1.1,3.0,,Yes,3.47,
STU02706,Taylor,Garcia,,Mathematics ,fall 2022,,66.7%,7.7,1.0,pass,0,3.66,
STU02752,Casey,Davis,28.0,biology,Spring 2023,66,91,8.0,5.0,pass,,2.47,
STU02263,alex,JOHNSON,2004.0,biology,F22,A+,0.725,2.7,8.0,fail,True,3.54,
STU02443,Jordan,Patel ,27.0,Mathematics,SP23,90,68.3%,10.9,1.0,P,No,2.49,
STU02958,Alex,JOHNSON,29.0,,fall2023,65,68.4%,2.6,10.0,1,,2.33,
STU02304,Sam,,28.0,engineering,Fall2022,53,0.893,3.3,2.0,,,2.65,
STU02341,Sam,Johnson,2006.0,business,spring 2023,F,56,3.0,4.0,1,,3.27,
STU02613,Jordan,JOHNSON,2002.0,Business Admin,F22,99%,50.0%,3.8,3.0,P,,3.65,
STU02986,Casey,,20.0,Computer Science,Fall2022,85,0.983,10.0,8.0,P,1,3.37,
STU02149,SAM,Johnson,18.0,psychology,F22,,68.0%,11.8,4.0,Pass,No,3.44,
STU02124,Jordan ,JOHNSON,27.0,Mathematics,Fall2022,57,0.539,1.6,13.302515739404665,,1,2.3,
STU02802,Sam,Brown,,,F22,97,0.638,1.3,0.0,Pass,True,2.07,
STU02869,Jordan ,,1997.0,comp sci,SP23,80,54.5%,2.0,1.0,,1,3.7,
STU02050,Alex,smith,1995.0,BUS,Spring 2023,A-,0.652,8.6,6.0,,0,2.6,
STU02353,Casey,Brown,,MATH,Spring 2023,72,91.7%,9.9,8.0,pass,1,2.91,
STU02945,,JOHNSON,1995.0,Computer Science,Spring 2023,D,54.3%,6.9,13.359847381258461,pass,0,2.31,
STU02142,Riley,Brown,17.0,biology,F22,86,0.676,5.8,12.974668281913218,Pass,,1.62,
STU02470,Riley,Brown,21.0,Engineering,fall2023,79,69.3%,10.4,4.0,pass,1,2.47,
STU02399,Riley,smith,27.0,Psychology,fall2023,99,0.473,10.6,11.0,Pass,N,,
STU02716,Sam,,,Business Admin,F22,64,82.1%,3.9,2.0,Pass,False,2.88,
STU02320,alex,Patel ,,,SP23,52%,0.64,6.2,9.0,F,N,3.93,
STU02019,Alex,,1995.0,,Fall 2023,200,53.4%,10.7,9.0,,No,2.28,
STU02826,,smith,22.0,biology,F22,79,0.783,1.3,5.0,1,True,3.58,
STU02806,Casey,Garcia,1995.0,PSYCH,Fall2022,86%,67.7%,9.9,4.0,P,Yes,1.98,
STU02825,SAM,Lee,26.0,Biology,fall2023,88,0.94,8.7,0.0,,N,3.57,
STU02407,Taylor,Smith,,,F22,77,0.851,2.2,3.0,P,N,2.19,
STU02537,Riley,,1999.0,BIO,Fall 2022,71,0.514,11.3,3.0,pass,Yes,1.91,
STU02635,Morgan,Davis,29.0,,Spring2023,75%,74.7%,9.0,4.0,Pass,Y,3.84,
STU02038,alex,Davis,25.0,BIO,fall2023,89,,9.0,4.0,P,No,,
STU02175,,Lee,27.0,Psychology,F23,78,55.9%,8.1,3.0,P,1,3.04,
STU02245,Jordan,Brown,,Mathematics ,,,66,,10.0,F,1,3.82,
STU02845,Casey  ,Lee,24.0,business,fall2023,60,86.1%,5.4,11.0,,True,2.78,
STU02682,alex,smith,2004.0,computer science,fall2023,,0.941,,1.0,P,Yes,2.87,
STU02770,Casey  ,Smith,1997.0,business,,54,68.0%,11.5,5.0,0,1,2.69,
STU02968,Morgan,Smith,21.0,PSYCH,Fall 2022,73,0.742,,2.0,P,False,3.96,
STU02154,SAM,JOHNSON,18.0,business,fall2023,98,99.3%,1.2,2.0,Pass,Y,2.81,
STU02287,Casey  ,Lee,26.0,computer science,Spring 2023,B-,0.515,4.8,3.0,1,1,1.7,
STU02617,Jordan ,,26.0,psychology,Fall 2022,54,99.5%,5.8,5.0,fail,False,2.35,
STU02569,Taylor, Lee,2007.0,Mathematics,Fall 2022,50,0.832,3.7,4.0,,True,3.27,
STU02759,Sam,Smith,19.0,comp sci,Fall 2022,C-,67.1%,7.4,9.0,F,No,3.51,
STU02017,SAM,Patel,21.0,MATH,Fall 2022,,72.8%,5.5,8.0,1,N,2.76,
STU02127,Alex,Patel,27.0,BIO,,,0.464,3.7,9.0,,True,3.61,
STU02322,alex, Lee,2005.0,Computer Science,F22,83,,,6.0,1,No,3.09,
STU02255,Casey  ,Patel ,,ENG,Fall2022,D,0.498,10.9,11.0,Fail,False,3.96,
STU02688,Riley,Smith,2007.0,Mathematics ,Spring 2023,62,0.52,,7.0,Pass,0,2.76,
STU02984,SAM,Johnson,,Mathematics ,Fall 2022,200%,98.7%,4.9,8.0,pass,True,3.66,
STU02190,Riley,Garcia,,Psychology,spring 2023,57,86,10.2,4.0,Fail,Yes,2.19,
STU02115,alex,,,biology,Fall 2023,64,0.604,,10.0,,N,1.5,
STU02631,,Lee,20.0,Engineering,Spring2023,85,0.999,5.0,9.0,pass,Yes,1.73,
STU02606,Jordan,Davis,18.0,CS,Spring2023,F,0.658,5.6,9.0,1,No,3.15,
STU02180,Casey,JOHNSON,25.0,BIO,fall 2022,B,,9.6,11.0,P,1,3.08,
STU02301,Riley,Lee,23.0,Biology,spring 2023,50,0.583,,6.0,F,1,3.28,
STU02940,Casey,Lee,28.0,computer science,Fall 2022,,0.816,2.0,9.0,Pass,1,2.16,
STU02728,Jordan , Lee,1996.0,Mathematics ,spring 2023,68,93,3.6,2.0,P,True,3.58,
STU02739,Jordan, Lee,,Mathematics ,F23,F,96.0%,8.1,3.0,F,True,3.45,
STU02930,Jordan ,Davis,19.0,MATH,fall2023,99,63.6%,0.6,11.0,,True,2.41,
STU02787,,Patel ,1998.0,CS,spring 2023,C+,0.97,9.1,10.0,,False,3.48,
STU02517,Casey  ,Davis,18.0,math,Spring 2023,47%,81.2%,8.4,10.0,Fail,0,3.87,
STU02216,Taylor,Lee,2000.0,computer science,Fall 2023,83%,0.463,3.6,5.0,P,True,2.51,
STU02045,SAM,Smith,2002.0,CS,F22,B+,58.7%,3.4,0.0,P,False,3.03,
STU02926,Alex,Brown,2002.0,biology,Spring 2023,,71.2%,2.8,8.0,F,No,1.66,
STU02157,alex,Brown,23.0,BIO,Fall 2023,C-,0.592,6.3,9.0,pass,True,1.9,
STU02760,Jordan,Smith,25.0,BIO,fall 2022,D,98,11.4,7.0,P,No,2.26,
STU02171,Casey  ,Patel ,18.0,Engineering,Fall2022,51,,7.6,6.0,fail,True,3.46,
STU02016,Jordan ,JOHNSON,,computer science,spring 2023,A,74.6%,1.3,9.0,Pass,Yes,3.49,
STU02511,Sam, Lee,29.0,,F23,,90,3.6,0.0,Pass,0,3.48,
STU02048,Taylor,,28.0,Mathematics,fall 2022,82,47.7%,,5.0,Pass,1,3.53,
STU02991,Morgan,Garcia,27.0,engineering,fall 2022,82,0.83,,2.0,1,Yes,2.19,
STU02857,Jordan ,Garcia,18.0,Mathematics,Fall 2022,,52.0%,,2.0,pass,Y,1.54,
STU02515,Jordan ,Smith,29.0,math,Fall 2023,C-,56,11.8,0.0,,N,,
STU02911,Sam, Lee,,business,Spring 2023,A,57.1%,8.4,5.0,,0,2.36,
STU02480,alex,,,biology,fall 2022,65,56,9.8,7.0,Pass,Y,1.85,
STU02283,Alex,Patel,,business,Spring2023,91,0.709,2.6,3.0,,False,2.75,
STU02734,Alex,,,math,Fall 2023,B-,78,4.9,5.0,P,True,2.22,
STU02669,Casey  ,,24.0,computer science,Spring2023,A+,75.9%,5.1,8.0,0,Yes,2.12,
STU02225,Morgan,Johnson,21.0,PSYCH,fall2023,48,0.716,8.7,7.0,Fail,0,2.89,
STU02026,Riley,,1998.0,Psychology,Fall 2022,70,45.3%,8.0,8.0,,1,1.99,
STU02798,Taylor,Davis,,MATH,Fall 2022,73%,0.476,1.9,4.0,Pass,,3.69,
STU02437,Casey,,22.0,math,Spring2023,A-,89.8%,2.1,5.0,F,1,,
STU02969,Sam,Patel,21.0,engineering,Fall2022,C-,61.8%,3.3,2.0,1,0,3.68,
STU02364,Jordan , Lee,29.0,engineering,,59,52.4%,8.8,10.0,,No,2.76,
STU02229,Casey,Patel,29.0,Business Admin,spring 2023,,47.0%,9.7,7.0,Fail,1,1.67,
STU02037,Casey  ,Patel,23.0,psychology,F22,63,65.5%,8.6,9.0,Pass,True,3.59,
STU02985,Sam,Johnson,,business,,95,61,6.2,9.0,1,No,,
STU02374,Morgan,Patel,17.0,Psychology,F23,94,0.478,1.6,7.0,,No,3.39,
STU02469,Riley,Patel ,2005.0,Business,fall2023,C,87.0%,1.0,9.0,Fail,Yes,3.32,
STU02987,alex, Lee,,engineering,spring 2023,83%,48.9%,2.0,0.0,Pass,N,3.25,
STU02867,,JOHNSON,23.0,biology,F22,B+,0.814,9.8,3.0,F,False,3.75,
STU02908,alex,Patel,28.0,math,fall 2022,85%,58.6%,4.0,1.0,,True,2.92,
STU02741,Casey  ,JOHNSON,,comp sci,,,0.932,1.2,11.0,Fail,Y,1.59,
STU02194,Jordan ,Patel,26.0,MATH,Fall2022,,,9.5,5.0,F,Y,3.82,
STU02934,Jordan ,Garcia,,Mathematics,fall2023,46,0.563,2.1,3.0,F,No,1.84,
STU02881,Jordan,Patel,27.0,PSYCH,fall 2022,F,58.8%,1.2,1.0,Pass,,3.59,
STU02503,Alex,Brown,2005.0,,,B-,0.673,5.7,2.0,F,1,3.53,
STU02989,Jordan,Patel,23.0,Mathematics,,74%,64.2%,5.3,3.0,P,No,3.46,
STU02847,Morgan,smith,28.0,engineering,spring 2023,B,74.6%,8.0,4.0,P,,2.19,
STU02579,Jordan,Garcia,2006.0,business,Fall 2022,,99.1%,10.0,2.0,Pass,Y,2.73,
STU02988,Casey  ,Davis,28.0,Mathematics ,Spring2023,55,53,7.4,2.0,F,No,2.7,
STU02162,Jordan ,Smith,2007.0,business,fall 2022,,0.885,4.7,5.0,1,No,3.12,
STU02717,Riley,smith,21.0,math,fall 2022,90,0.751,4.2,8.0,Pass,True,3.88,
STU02152,Alex,Davis,22.0,Mathematics,F22,87,83,10.0,4.0,1,Y,2.23,
STU02696,Casey,Patel,23.0,ENG,Fall 2022,B-,0.75,1.6,6.0,P,False,1.92,
STU02715,Alex,JOHNSON,,MATH,F22,B,46,0.8,6.0,F,N,3.4,
STU02928,Jordan ,Brown,17.0,MATH,fall2023,B,69.9%,2.3,5.0,Fail,Yes,1.76,
STU02111,Morgan,Patel ,1996.0,Business Admin,SP23,77%,62.0%,9.7,11.0,Pass,1,3.52,
STU02226,SAM,,2000.0,Psychology,,B-,0.614,3.0,11.0,,Yes,3.18,
STU02703,, Lee,,Psychology,F23,B-,0.805,7.8,0.0,Pass,Yes,2.87,
STU02103,Morgan,JOHNSON,28.0,PSYCH,SP23,C,0.979,0.6,10.0,P,Yes,2.1,
STU02421,SAM, Lee,2001.0,business,fall 2022,200,64.8%,5.7,13.05682148504724,,True,2.92,
STU02419,alex,Garcia,,Psychology,Spring2023,D,93,0.7,11.0,1,Y,2.08,
STU02848,,,,BUS,F23,50%,95,1.0,5.0,,True,2.11,
STU02586,Jordan,JOHNSON,2003.0,ENG,fall2023,67,0.679,,10.0,P,False,2.9,
STU02796,,Patel,22.0,math,Fall 2023,-5,51,4.5,8.0,0,1,2.85,
STU02672,Alex,,20.0,ENG,Spring 2023,62,0.674,2.5,6.0,Pass,True,2.3,
STU02119,SAM, Lee,2000.0,business,F22,B,97.0%,4.8,6.0,Fail,1,3.33,
STU02053,alex,Patel,27.0,CS,fall2023,51,70.9%,4.3,8.0,Fail,False,1.7,
STU02151,alex,Brown,2003.0,Engineering,Spring 2023,45%,79.9%,11.6,8.0,Fail,1,3.9,
STU02403,Jordan,smith,21.0,ENG,Fall 2022,A,71.5%,6.7,5.0,1,0,1.74,
STU02963,Alex,Brown,28.0,Mathematics,Fall 2023,69,46.5%,4.9,0.0,,1,3.96,
STU02207,Taylor,Johnson,20.0,engineering,F22,67,0.715,6.5,4.0,pass,No,3.37,
STU02658,Jordan,,19.0,engineering,Spring 2023,77%,69,1.5,6.0,Pass,0,2.4,
STU02453,alex,Brown,,BUS,Fall 2022,C-,100,8.6,0.0,P,Yes,1.82,
STU02778,SAM,smith,,ENG,Fall2022,,0.551,0.8,1.0,P,Y,3.4,
STU02008,,Patel ,,CS,fall2023,A+,46.3%,4.3,2.0,P,Y,,
STU02824,Morgan,JOHNSON,,PSYCH,Fall2022,C+,58.8%,6.0,0.0,Pass,0,,
STU02036,Riley,Patel ,21.0,comp sci,Spring 2023,C+,52,10.4,5.0,F,False,2.72,
STU02452,Casey  , Lee,25.0,Computer Science,spring 2023,63%,0.704,7.5,9.0,P,N,3.52,
STU02651,Riley,Garcia,,Business Admin,fall 2022,76%,51.2%,7.7,6.0,1,1,3.61,
STU02253,Casey  ,Brown,26.0,Psychology,SP23,,53.0%,11.6,1.0,,N,1.7,
STU02303,Casey  ,Patel,22.0,Computer Science,fall2023,A,0.626,8.7,1.0,1,True,2.07,
STU02762,Jordan ,smith,23.0,Engineering,Spring2023,61%,50,,2.0,,,,
STU02571,Casey,JOHNSON,24.0,Computer Science,Spring2023,56,79.5%,,11.0,F,Yes,2.23,
STU02623,Morgan,Davis,27.0,business,,88,61.5%,8.9,9.0,,No,1.74,
STU02858,,Davis,1995.0,BIO,Fall 2023,91,0.807,9.7,7.0,P,1,3.72,
STU02758,Alex,,26.0,Computer Science,F22,,80.4%,5.4,3.0,P,0,1.55,
STU02262,,Patel,19.0,comp sci,F23,74,53.1%,6.9,6.0,,N,2.25,
STU02610,,,24.0,business,,93,84.0%,9.2,4.0,P,Y,2.75,
STU02297,,Davis,,MATH,fall2023,71,77.3%,10.8,6.0,Pass,Y,3.12,
STU02414,Riley,JOHNSON,1997.0,Psychology,Spring 2023,58%,92.1%,9.6,3.0,Fail,,3.37,
STU02150,,Davis,,MATH,Spring2023,65,66.3%,8.1,1.0,Pass,N,3.72,
STU02861,Taylor,Patel,24.0,Psychology,fall2023,,0.932,11.1,6.0,,Yes,1.89,
STU02640,Casey  ,Lee,21.0,Biology,fall2023,,59.2%,10.6,6.0,pass,True,2.12,
STU02906,,Garcia,27.0,math,Fall 2023,,0.917,,11.0,Pass,False,2.85,
STU02550,Casey  ,smith,26.0,computer science,fall 2022,52%,89,7.7,6.0,,N,2.38,
STU02807,Jordan ,JOHNSON,29.0,Business,F23,68,0.888,5.8,8.0,P,Y,2.85,
STU02488,Jordan,Patel,,Computer Science,spring 2023,,64.8%,5.4,2.0,P,0,2.51,
STU02710,,smith,2006.0,Business,Spring 2023,55,79.8%,2.5,3.0,,No,3.29,
STU02147,,Lee,2005.0,psychology,Spring 2023,85,60,7.5,14.902202515510153,1,N,2.72,
STU02146,Sam,smith,27.0,engineering,SP23,B+,0.542,5.4,2.0,1,True,,
STU02736,Sam, Lee,27.0,math,,69%,48.3%,11.9,10.0,1,Y,1.83,
STU02949,Alex,Brown,20.0,Mathematics ,Spring2023,73%,94,1.4,4.0,1,Y,1.82,
STU02755,Morgan,Patel ,,biology,Spring 2023,B+,97.5%,,10.0,,No,,
STU02659,Morgan,smith,2006.0,Mathematics,Spring2023,83,80.7%,0.9,2.0,Pass,True,3.25,
STU02348,Sam,Brown,25.0,Business,SP23,96,86.0%,0.5,4.0,P,0,2.26,
STU02463,Alex, Lee,23.0,business,SP23,A+,,10.2,8.0,P,Yes,3.11,
STU02325,Alex, Lee,2007.0,MATH,,62,58.0%,6.1,8.0,Pass,No,3.66,
STU02186,Morgan,Johnson,20.0,Mathematics,,45,0.705,2.2,0.0,Fail,No,3.9,
STU02123,alex,JOHNSON,21.0,business,F23,80,0.931,4.5,9.0,P,N,2.32,
STU02870,Taylor,,20.0,comp sci,SP23,89,,4.6,2.0,,Yes,1.8,
STU02608,Jordan ,Patel ,23.0,Mathematics,F23,67,98.9%,3.5,2.0,P,0,1.84,
STU02143,Casey  ,Garcia,28.0,comp sci,Fall 2022,F,61.9%,3.8,7.0,,1,1.6,
STU02978,Jordan,Johnson,,PSYCH,fall 2022,D,0.452,,6.0,P,Y,3.8,
STU02197,Taylor,JOHNSON,22.0,MATH,F23,92%,,,8.0,,False,2.97,
STU02609,,smith,26.0,Biology,F22,,94.0%,4.3,8.0,F,,3.88,
STU02279,Casey  ,Patel ,20.0,math,fall2023,76,0.818,3.8,11.0,Pass,,3.28,
STU02293,Casey  ,Johnson,21.0,math,Spring2023,,73.7%,3.9,3.0,fail,False,3.64,
STU02400,,JOHNSON,20.0,computer science,Spring2023,66%,69.4%,3.8,8.0,1,1,2.77,
STU02122,alex,Patel ,29.0,computer science,fall 2022,65,52.2%,8.6,5.0,Pass,False,1.53,
STU02183,Morgan,JOHNSON,,BIO,SP23,C,0.725,4.7,6.0,Fail,,2.75,
STU02202,Jordan ,Patel ,27.0,business,spring 2023,65,,3.1,9.0,1,1,2.09,
STU02438,Casey  ,Davis,,business,Fall2022,75%,0.63,8.7,8.0,Pass,N,1.98,
STU02246,Jordan,JOHNSON,,,SP23,83,0.87,9.4,5.0,P,True,3.66,
STU02415,,Smith,1997.0,,Fall2022,81,0.956,3.4,2.0,Pass,Yes,1.68,
STU02792,Casey  ,Lee,29.0,psychology,fall 2022,76,,10.9,9.0,1,N,2.17,
STU02781,SAM,Brown,,Biology,spring 2023,82%,54,,10.0,Pass,No,1.99,
STU02923,Alex,Brown,18.0,,,48,,5.1,9.0,fail,Y,3.35,
STU02784,Morgan,Lee,1998.0,math,Fall 2022,D,80,1.5,0.0,Pass,True,2.78,
STU02904,Casey  ,Patel,22.0,ENG,Fall 2023,45,,6.5,11.0,Fail,1,1.82,
STU02129,Casey  ,Lee,1995.0,ENG,F23,73,52.1%,11.8,2.0,1,,1.69,
STU02637,Jordan ,Johnson,25.0,Psychology,Fall 2023,F,,7.6,14.708281689250317,P,No,2.23,
STU02402,Sam,Patel,18.0,Mathematics,fall2023,B,79,5.8,0.0,1,No,3.83,
STU02800,Alex,Lee,2003.0,MATH,,C+,57,1.1,7.0,P,1,3.43,
STU02786,SAM,Brown,27.0,business,F22,61,74,8.9,6.0,Pass,Y,2.06,
STU02735,Riley,Brown,,ENG,Spring 2023,,82.9%,12.0,9.0,Pass,Y,,
STU02930,Jordan ,Davis,19.0,MATH,fall2023,99,63.6%,0.6,11.0,,True,2.41,
STU02219,Alex,Patel ,,math,fall 2022,45,0.527,5.9,0.0,,True,,
STU02641,,Lee,2004.0,PSYCH,fall 2022,56,46.9%,10.8,11.0,0,N,3.3,
STU02932,Sam,smith,,Mathematics ,SP23,83,98,,7.0,Pass,N,3.21,
STU02852,SAM,smith,28.0,CS,spring 2023,49,46.2%,,6.0,Fail,,3.97,
STU02823,,Lee,18.0,Psychology,fall2023,98,58.2%,,0.0,P,No,2.65,
STU02937,Casey  ,Patel,27.0,ENG,Fall 2022,93,,0.5,11.0,Pass,1,1.63,
STU02624,Casey,Patel ,,Biology,Spring 2023,61,0.873,,13.326197668764916,Pass,False,3.71,
STU02855,,Patel,22.0,Mathematics,spring 2023,77,0.659,6.4,10.0,1,Y,2.64,
STU02950,Sam,Patel ,26.0,math,F22,A,52,6.3,8.0,,N,2.48,
STU02386,Morgan,Brown,1999.0,Psychology,Fall 2023,89,0.535,10.1,0.0,P,Yes,2.82,
STU02992,SAM,Smith,21.0,biology,Spring 2023,59,99.1%,9.4,6.0,0,True,2.62,
STU02509,Jordan,Lee,,math,Fall 2023,,81.9%,11.6,5.0,,False,1.98,
STU02267,Alex,Brown,27.0,,spring 2023,-5%,0.988,,6.0,F,N,,
STU02836,Morgan,Brown,,comp sci,F22,50,83.2%,3.1,2.0,F,0,2.6,
STU02441,Casey  ,Lee,2000.0,Biology,,46,0.888,,2.0,Fail,Yes,3.28,
STU02496,Morgan,JOHNSON,20.0,biology,Fall2022,83,92,3.5,4.0,Pass,No,1.82,
STU02112,,Patel,21.0,,F22,87,70.6%,5.4,5.0,Pass,0,2.85,
STU02691,Jordan,Lee,,Computer Science,Spring2023,88,77.9%,10.6,1.0,Pass,Yes,1.6,
STU02232,Taylor,Davis,,CS,SP23,,74,5.4,4.0,Pass,Yes,2.19,
STU02886,Sam,JOHNSON,,comp sci,F23,,59.5%,8.2,6.0,Pass,N,2.66,
STU02607,Jordan, Lee,22.0,Business,Spring 2023,C+,,6.8,2.0,pass,N,2.47,
STU02671,Jordan ,Lee,22.0,Computer Science,Spring 2023,,65.9%,9.9,6.0,,No,3.76,
STU02373,Riley,Johnson,2000.0,Mathematics ,Fall 2023,A+,0.521,6.6,2.0,,No,1.89,
STU02334,,Johnson,,ENG,F22,80,74.0%,11.4,10.0,Pass,,3.9,
STU02859,,,1997.0,Mathematics ,F23,49,46.0%,7.7,8.0,Fail,,2.39,
STU02233,,Brown,23.0,computer science,,D+,,3.8,9.0,,1,3.78,
STU02801,Casey,Lee,2001.0,,Fall 2023,B-,51.5%,10.4,7.0,Pass,No,3.07,
STU02676,Sam,Brown,23.0,BIO,Fall 2023,B+,0.596,1.0,8.0,Fail,0,3.25,
STU02317,SAM,Patel ,24.0,Psychology,Spring2023,,0.595,7.1,6.0,,,,
STU02648,Taylor,Garcia,22.0,biology,Fall 2022,D+,59.1%,6.2,6.0,Pass,No,,
STU02410,Morgan,Johnson,20.0,comp sci,fall2023,61,50.6%,9.5,7.0,P,False,1.67,
STU02915,SAM,smith,,Business,Fall2022,74%,84.4%,9.3,7.0,P,False,3.79,
STU02709,Riley,Johnson,2002.0,business,F23,A+,97.7%,6.7,8.0,,Yes,,
STU02358,Sam,Davis,19.0,Mathematics ,SP23,,64.4%,5.6,8.0,fail,True,3.5,
STU02258,Casey,Smith,23.0,Business Admin,Fall2022,45%,83.2%,8.2,7.0,Fail,N,,
STU02744,Sam,smith,18.0,Biology,Spring 2023,88,79.3%,7.9,4.0,P,False,2.89,
STU02627,Casey  , Lee,2000.0,Engineering,F23,,72.3%,2.5,4.0,Pass,False,,
STU02632,Casey,Lee,25.0,,F22,,85.0%,10.4,0.0,Pass,True,1.53,
STU02282,Casey  ,,,engineering,fall2023,70%,53,2.1,10.0,Pass,0,2.91,
STU02376,SAM,smith,,Biology,F23,F,0.584,1.1,12.903246560051661,Pass,No,2.44,
STU02384,Jordan ,Brown,23.0,comp sci,SP23,79%,57.6%,4.8,7.0,Pass,Yes,2.48,
STU02224,Sam,Brown,22.0,Business,Spring 2023,B+,64.4%,4.4,4.0,P,True,2.41,
STU02973,Alex,,25.0,math,Spring 2023,A,0.492,,7.0,1,N,2.4,
STU02965,Casey,,2001.0,computer science,Spring2023,67%,78.6%,0.9,3.0,Pass,Y,,
STU02472,Jordan ,,18.0,Computer Science,Fall 2022,67,0.808,0.6,4.0,pass,False,3.24,
STU02347,Taylor,Davis,,Business Admin,spring 2023,63,0.749,1.3,4.0,1,Yes,1.6,
STU02505,Jordan ,Brown,23.0,Mathematics ,Fall2022,49,80.5%,10.9,5.0,F,False,3.22,
STU02639,Alex,JOHNSON,26.0,Mathematics ,SP23,200,96.1%,3.1,10.0,pass,Yes,3.72,
STU02094,alex,Lee,17.0,Mathematics ,Spring 2023,A+,64.2%,0.8,0.0,F,,,
STU02797,Casey,JOHNSON,21.0,BUS,,57,94,,5.0,Fail,Y,2.18,
STU02946,Alex,Garcia,1995.0,ENG,Spring 2023,,60.4%,8.2,9.0,Pass,,2.32,
STU02922,Alex,Patel,20.0,computer science,Spring 2023,54%,73.5%,,8.0,F,True,3.07,
STU02619,Riley,Lee,29.0,business,F23,85,0.84,3.6,3.0,Pass,Yes,2.38,
STU02872,Jordan ,,26.0,Mathematics,Fall 2023,61,81,,10.0,1,1,2.71,
STU02820,Riley,Johnson,18.0,ENG,,49,56.2%,7.4,10.0,,No,2.64,
STU02645,Sam,Lee,19.0,ENG,fall2023,84,,5.4,8.0,,1,3.81,
STU02863,Sam,Johnson,,Engineering,Spring2023,88,97.6%,6.1,11.0,P,,2.06,
STU02556,Riley,Lee,27.0,engineering,Fall 2022,95,,11.9,2.0,Pass,Yes,,
STU02977,alex,Smith,2003.0,CS,Fall 2022,74,90,11.6,6.0,Pass,No,1.51,
STU02577,Taylor,Brown,23.0,Mathematics,SP23,D,0.659,10.4,3.0,P,0,1.87,
STU02795,,Garcia,22.0,Mathematics ,spring 2023,,61.8%,9.0,5.0,1,True,3.08,
STU02085,Sam,Smith,2003.0,PSYCH,,C-,,5.3,4.0,,True,3.65,
STU02242,Jordan ,JOHNSON,22.0,MATH,fall 2022,A,0.834,1.1,1.0,1,,1.7,
STU02698,Sam, Lee,24.0,comp sci,,69,0.809,5.8,8.0,1,Y,2.46,
STU02159,Casey,Davis,,Business Admin,Spring 2023,63,0.842,2.5,6.0,,,3.63,
STU02524,Sam, Lee,21.0,ENG,fall2023,B+,71.4%,4.5,2.0,F,N,2.99,
STU02035,Jordan ,Patel ,,computer science,spring 2023,49,82,7.7,8.0,,1,1.74,
STU02540,Riley,Johnson,17.0,psychology,F23,78,77.4%,3.4,1.0,1,Yes,1.58,
STU02170,alex,JOHNSON,,BUS,Spring2023,200,82.4%,,8.0,Pass,False,1.78,
STU02654,Jordan,,17.0,Psychology,F22,B-,0.568,1.3,1.0,P,False,2.1,
STU02907,Casey  ,Davis,17.0,BUS,fall 2022,A+,52.5%,5.2,8.0,F,1,3.71,
STU02874,SAM,Lee,2002.0,business,Spring 2023,50,0.598,4.0,8.0,F,0,1.6,
STU02864,Casey,smith,25.0,Mathematics,Fall2022,C,62.9%,7.9,1.0,P,N,,
STU02962,alex,smith,27.0,BUS,Fall2022,78,49.9%,10.3,5.0,Pass,Yes,3.93,
STU02733,Casey,Smith,18.0,ENG,fall2023,,91,3.8,0.0,,Yes,3.16,
STU02095,Taylor,Johnson,22.0,,Fall2022,96,58.4%,3.1,6.0,,N,2.13,
STU02563,Casey,Garcia,2004.0,computer science,Fall 2023,-5,47.9%,2.1,9.0,Fail,0,2.45,
STU02240,Morgan,,2000.0,ENG,Spring2023,,73.6%,3.5,7.0,Pass,Yes,1.82,
STU02742,SAM,Patel,,ENG,Spring2023,D+,81.1%,8.5,8.0,F,,1.58,
STU02574,Alex,Johnson,21.0,Biology,spring 2023,90,58.8%,0.9,3.0,,True,2.03,
STU02690,Alex,smith,21.0,BUS,Spring2023,F,68.3%,7.3,0.0,F,False,2.21,
STU02460,Jordan ,Johnson,22.0,biology,fall2023,,75.2%,2.7,11.0,Pass,Yes,,
STU02553,Sam,smith,2005.0,Business,fall2023,B-,84.4%,1.7,4.0,,No,2.34,
STU02895,Alex,Johnson,23.0,business,spring 2023,51,0.592,,8.0,fail,Y,1.84,
STU02206,Taylor,Davis,,Biology,,78,79.5%,7.1,4.0,,,3.2,
STU02392,Taylor,Brown,2001.0,business,fall 2022,91,88,9.9,6.0,Pass,Y,2.38,
STU02794,Riley,Garcia,2004.0,Mathematics ,Fall 2022,C-,0.735,3.7,11.0,Fail,Y,3.92,
STU02397,Morgan,Brown,26.0,Psychology,fall2023,68,0.891,8.0,1.0,Pass,0,3.57,
STU02766,Casey, Lee,26.0,psychology,,,94,1.4,10.0,1,1,2.78,
STU02865,Taylor,Johnson,,engineering,fall 2022,,88.1%,6.4,3.0,pass,False,3.67,
STU02217,,Lee,2007.0,BIO,F23,A,,7.7,4.0,,No,2.44,
STU02004,Jordan,Smith,1995.0,engineering,Spring 2023,,98,6.0,1.0,,1,1.99,
STU02768,,Lee,23.0,Biology,,A-,69.8%,11.1,2.0,1,0,1.81,
STU02642,Casey  ,Patel ,26.0,Psychology,fall2023,-5,75,6.9,6.0,,False,2.86,
STU02914,Jordan,Smith,1999.0,math,F23,C-,72,11.4,3.0,0,No,1.73,
STU02612,Jordan, Lee,1996.0,business,fall 2022,,64.6%,5.1,5.0,pass,Yes,3.65,
STU02738,Sam,Davis,22.0,computer science,spring 2023,66%,79.0%,9.7,9.0,Pass,True,1.55,
STU02546,Casey,Garcia,,,SP23,B+,91.6%,3.7,3.0,pass,True,1.52,
STU02725,Jordan ,Smith,,math,fall 2022,,0.901,8.0,10.0,Fail,0,2.4,
STU02683,Sam,Brown,28.0,Business Admin,Fall 2023,,47.4%,4.0,4.0,P,1,3.85,
STU02098,Sam,Patel ,17.0,math,Spring 2023,,0.764,10.5,6.0,Pass,1,2.69,
STU02804,,JOHNSON,29.0,biology,Fall 2023,B,0.694,4.3,4.0,Fail,1,2.9,
STU02727,SAM,Davis,,Business Admin,F22,96,0.991,9.2,9.0,Pass,No,2.16,
STU02573,Alex,Garcia,,Psychology,Spring2023,65,0.52,,3.0,Pass,N,2.56,
STU02406,Jordan,Garcia,19.0,Mathematics,Fall 2023,B-,78.9%,1.2,9.0,F,False,1.66,
STU02502,Alex,Garcia,26.0,comp sci,,C,50.4%,8.3,7.0,1,Y,3.12,
STU02047,Casey,Brown,19.0,,Spring2023,85,0.874,4.0,1.0,Pass,False,3.68,
STU02032,Jordan,,,ENG,F22,93,80.0%,7.1,1.0,Pass,Yes,2.1,
STU02779,Morgan,Patel,18.0,Business Admin,fall2023,B,51,0.9,0.0,P,0,2.52,
STU02839,Jordan ,Patel,23.0,,SP23,45,,4.6,6.0,F,0,3.75,
STU02200,,smith,1999.0,Engineering,Fall 2022,79,0.694,,3.0,Pass,False,3.88,
STU02134,Sam,Patel,,Business,F23,D,92.9%,11.1,0.0,Pass,Y,,
STU02027,Jordan ,Johnson,26.0,psychology,F22,52,0.991,5.2,9.0,0,,2.47,
STU02947,Riley,Brown,,Engineering,Fall2022,F,83.9%,5.0,2.0,Pass,1,2.36,
STU02230,Jordan ,Garcia,,Business,Fall 2022,110%,0.733,3.9,6.0,,False,2.23,
STU02489,Riley,smith,26.0,Business Admin,F22,65%,74.8%,12.0,10.0,1,1,3.76,
STU02772,Taylor,Brown,27.0,PSYCH,F23,45,56,10.2,11.0,Fail,Yes,2.72,
STU02378,Sam,,24.0,ENG,Spring2023,60,61.4%,6.9,8.0,Pass,1,2.07,
STU02288,Jordan ,Smith,1996.0,Biology,Spring 2023,61,0.819,,8.0,pass,No,3.06,
STU02418,Casey, Lee,20.0,Computer Science,F23,B-,0.555,3.0,11.0,F,False,1.97,
STU02674,Alex,Patel ,22.0,Psychology,fall2023,C,0.675,,13.037081225984476,P,No,3.74,
STU02391,Jordan ,smith,23.0,Psychology,Spring 2023,A,78.3%,1.8,7.0,fail,0,1.52,
STU02592,alex,JOHNSON,20.0,MATH,fall 2022,A-,78.1%,2.4,1.0,pass,,3.66,
STU02498,Riley,Garcia,19.0,engineering,fall2023,55,0.923,5.8,7.0,0,Y,2.75,
STU02138,Riley,Brown,26.0,biology,Spring 2023,49,69,10.9,8.0,,,,
STU02062,Casey  ,Lee,20.0,psychology,Spring 2023,47,80,0.7,4.0,F,1,3.6,
STU02471,SAM,Smith,24.0,Mathematics,Spring 2023,,,9.5,1.0,P,1,1.92,
STU02647,Casey  , Lee,28.0,Psychology,Fall 2022,59,,11.9,0.0,,N,3.69,
STU02128,Morgan,Patel,18.0,biology,Spring 2023,110,86.1%,,8.0,Pass,False,1.78,
STU02996,Casey,Davis,19.0,Business,spring 2023,54,87.7%,,6.0,F,0,1.58,
STU02520,,JOHNSON,29.0,ENG,Fall2022,,99.8%,,0.0,P,1,1.63,
STU02838,Riley,Patel ,27.0,ENG,spring 2023,C+,58.8%,2.4,0.0,Pass,Yes,3.2,
STU02982,Riley,Lee,26.0,,SP23,F,75.0%,8.0,5.0,pass,False,3.78,
STU02064,Taylor,Johnson,,Biology,F22,72,85,1.4,3.0,1,Y,1.89,
STU02812,Casey,JOHNSON,,Business,Fall 2022,98,86.4%,2.8,3.0,P,No,3.1,
STU02014,Jordan,Smith,,Business Admin,fall 2022,,0.589,8.8,5.0,0,,2.36,
STU02156,Taylor,,19.0,computer science,Fall 2023,,91.7%,,7.0,Pass,False,2.27,
STU02040,,JOHNSON,24.0,CS,fall2023,,0.654,5.6,10.0,,1,3.43,
STU02492,Riley,Lee,17.0,PSYCH,Fall 2023,81,87.2%,9.5,11.0,1,1,1.68,
STU02379,Jordan,Johnson,19.0,Mathematics,Spring2023,69%,,4.4,8.0,,Y,3.58,
STU02187,Jordan ,Smith,19.0,MATH,Spring 2023,B-,90.6%,6.0,7.0,,True,3.77,
STU02763,SAM,Brown,18.0,comp sci,SP23,,60.6%,1.2,3.0,P,1,3.05,
STU02216,Taylor,Lee,2000.0,computer science,Fall 2023,83%,0.463,3.6,5.0,P,True,2.51,
STU02791,Riley,JOHNSON,29.0,MATH,Spring2023,96%,82.3%,7.4,5.0,P,,2.97,
STU02052,Morgan,Brown,2006.0,Engineering,SP23,51,90.6%,,10.0,F,Y,2.34,
STU02878,Sam,Davis,25.0,Biology,Fall2022,52,85.7%,,7.0,Fail,Y,3.26,
STU02337,SAM,Lee,1997.0,CS,Spring2023,56,80,3.4,6.0,F,Yes,2.73,
STU02748,,Johnson,24.0,PSYCH,Spring2023,55,66.2%,5.3,8.0,,N,2.21,
STU02719,Sam,,25.0,engineering,fall2023,99,73.0%,6.1,6.0,Pass,Yes,2.3,
STU02724,Alex,JOHNSON,,Psychology,Fall 2022,-5,63.8%,11.9,10.0,,No,3.99,
STU02295,Sam,Johnson,2004.0,business,Fall 2022,95,74,5.8,3.0,P,No,1.73,
STU02701,Jordan ,Lee,28.0,,,70,0.538,6.9,5.0,,Yes,3.64,
STU02251,Riley,Smith,22.0,Engineering,,F,0.543,8.3,11.0,P,,2.69,
STU02726,Taylor,smith,18.0,BUS,SP23,76%,78.3%,7.2,13.882105663196455,1,True,3.42,
STU02461,SAM,Garcia,2006.0,PSYCH,Fall 2023,54%,0.649,,5.0,F,Y,,
STU02455,Casey  , Lee,20.0,psychology,Fall2022,69,68,8.4,7.0,1,1,3.62,
STU02125,Sam,,25.0,Computer Science,F22,71,69.3%,3.0,10.0,Pass,0,3.21,
STU02815,Riley,Smith,23.0,computer science,spring 2023,,0.6,9.2,1.0,pass,No,2.79,
STU02862,alex,Lee,24.0,psychology,Spring2023,55,,8.1,7.0,Fail,0,3.29,
STU02269,Morgan, Lee,23.0,biology,spring 2023,74%,0.528,0.6,6.0,pass,1,,
STU02201,Casey, Lee,2004.0,Mathematics ,fall2023,76,0.58,3.7,1.0,Pass,No,,
STU02161,Taylor,Johnson,1999.0,math,F22,F,91.5%,2.5,8.0,Pass,0,2.47,
STU02555,Morgan,,,,Spring 2023,,,1.3,7.0,Pass,,,
STU02729,Taylor,Davis,2004.0,engineering,fall2023,-5,,,0.0,Fail,0,1.86,
STU02401,Taylor,Garcia,,Mathematics,Spring2023,,0.486,4.0,8.0,1,,3.33,
STU02702,SAM,JOHNSON,,Biology,Spring 2023,76,0.498,5.7,7.0,Pass,False,1.64,
STU02476,alex,Patel ,22.0,computer science,Fall 2022,88%,55.0%,,7.0,Pass,Yes,3.12,
STU02821,Jordan, Lee,23.0,PSYCH,SP23,95%,75.8%,7.2,11.0,P,1,2.73,
STU02771,Alex,,2000.0,business,Fall 2023,72%,,11.1,9.0,1,Y,2.11,
STU02105,,Johnson,18.0,biology,F22,C+,,5.2,4.0,,Yes,2.49,
STU02565,Riley,Brown,23.0,Engineering,SP23,B+,,1.0,8.0,Fail,No,2.46,
STU02389,Sam,Lee,25.0,,Fall 2023,48%,87.8%,1.4,5.0,Fail,0,3.32,
STU02001,Casey, Lee,17.0,engineering,F23,,0.884,2.4,9.0,1,False,2.36,
STU02990,SAM,Garcia,24.0,comp sci,Spring 2023,C+,,1.3,3.0,pass,No,,
STU02271,Casey, Lee,,Business Admin,F23,61,54,3.2,3.0,1,Y,3.38,
STU02561,Alex,Garcia,1997.0,Engineering,fall2023,47,60.6%,6.5,2.0,fail,,2.57,
STU02931,Jordan ,Johnson,27.0,Business Admin,SP23,51,0.909,7.9,4.0,F,Y,3.75,
STU02080,Taylor,Smith,1999.0,Mathematics ,F22,A,86.5%,0.8,0.0,Pass,No,2.43,
STU02205,alex,Johnson,28.0,BIO,SP23,63,99.3%,2.9,1.0,Pass,Yes,1.76,
STU02034,Alex,Patel,17.0,,fall2023,C,0.938,3.5,0.0,F,False,2.95,
STU02775,Jordan ,Patel,2007.0,BUS,fall2023,D+,0.548,8.2,6.0,Pass,0,3.67,
STU02508,Casey  , Lee,,Engineering,spring 2023,73,,4.1,0.0,1,Y,1.55,
STU02427,Jordan,Patel,1997.0,Mathematics,SP23,83%,,,10.0,P,N,1.84,
STU02454,Jordan ,Davis,18.0,CS,Spring 2023,,86.5%,4.6,6.0,Pass,True,2.57,
STU02366,alex,smith,2002.0,Business,spring 2023,88%,68.0%,10.3,9.0,pass,1,2.27,
STU02091,SAM,Johnson,28.0,Psychology,SP23,D,51.4%,10.8,6.0,P,N,1.99,
STU02339,SAM,Smith,,Psychology,Fall 2023,78%,0.804,0.9,12.820542616272572,pass,True,3.36,
STU02897,Morgan, Lee,26.0,math,fall2023,,76.1%,0.7,0.0,,N,,
STU02564,Alex,Brown,1997.0,ENG,Fall 2023,76,0.539,1.6,0.0,Pass,No,3.02,
STU02345,Sam,,,engineering,Fall 2023,90%,,11.4,12.395218230882284,Pass,False,3.68,
STU02776,Morgan,Brown,18.0,BUS,F23,76%,78.7%,7.2,10.0,Pass,False,1.77,
STU02241,Taylor,Garcia,23.0,psychology,fall2023,80,,7.9,8.0,P,True,2.05,
STU02013,SAM,Patel ,17.0,Business,spring 2023,B+,0.547,3.5,11.0,1,N,3.83,
STU02315,Morgan,Johnson,17.0,Mathematics,Fall2022,79%,47.8%,10.3,1.0,1,True,3.25,
STU02600,SAM, Lee,2001.0,Biology,Spring2023,57%,84.0%,5.9,0.0,0,N,3.62,
STU02387,Taylor,Lee,25.0,Biology,Spring2023,60%,0.473,6.6,6.0,P,No,3.59,
STU02273,Sam,JOHNSON,22.0,BIO,Fall 2023,62%,0.769,3.5,3.0,1,N,3.38,
STU02166,alex, Lee,26.0,MATH,F23,B-,0.95,2.7,6.0,,True,2.33,
STU02840,Riley,Davis,26.0,business,Spring2023,,0.627,,7.0,0,N,1.66,
STU02542,Alex,Lee,26.0,BUS,Fall2022,F,96.3%,5.9,0.0,Pass,0,2.94,
STU02646,alex,Davis,29.0,Mathematics ,Fall 2023,96,72.6%,8.8,12.069419076419704,1,True,2.14,
STU02818,Casey,Patel,22.0,engineering,Fall2022,55%,0.865,3.8,10.0,Fail,Y,3.2,
STU02484,Alex, Lee,23.0,comp sci,fall2023,D+,0.86,6.1,1.0,pass,True,3.68,
STU02778,SAM,smith,,ENG,Fall2022,,0.551,0.8,1.0,P,Y,3.4,
STU02504,Casey,Patel,,biology,Fall 2022,,0.572,7.2,4.0,0,1,2.26,
STU02831,Taylor,Patel ,28.0,BIO,F22,-5,85.9%,5.7,1.0,0,N,,
STU02243,Jordan ,Johnson,21.0,psychology,fall2023,89,78,9.2,5.0,P,No,2.84,
STU02566,SAM,Brown,17.0,math,Fall 2023,87%,0.812,6.2,1.0,P,False,2.13,
STU02875,Jordan ,Patel ,2002.0,Mathematics ,fall 2022,51,60.0%,1.8,8.0,0,Yes,3.74,
STU02562,Jordan ,Lee,21.0,biology,spring 2023,92,,2.7,3.0,P,Yes,3.3,
STU02972,Casey  ,Patel,17.0,,Spring 2023,68,0.89,4.9,6.0,P,,3.93,
STU02686,Sam,Garcia,,BUS,spring 2023,200,75,4.9,5.0,1,No,3.96,
STU02957,Jordan ,Garcia,22.0,Business,F23,51%,0.9,7.7,9.0,Fail,True,3.14,
STU02189,Jordan,smith,25.0,computer science,Spring2023,53,46.2%,5.7,7.0,,Yes,,
STU02782,alex, Lee,2002.0,psychology,Spring2023,F,0.452,6.5,5.0,Pass,1,2.88,
STU02699,Alex,Smith,25.0,MATH,F23,67%,0.875,0.8,4.0,Pass,,2.35,
STU02475,,Lee,22.0,psychology,F23,78,0.501,6.6,2.0,P,Y,3.36,
STU02681,Riley,Johnson,24.0,Psychology,,D+,0.749,1.3,0.0,,Yes,3.85,
STU02510,Casey,Patel,25.0,Mathematics ,fall 2022,D,0.992,5.4,1.0,,Y,3.3,
STU02058,Morgan,JOHNSON,24.0,,spring 2023,,0.644,1.8,8.0,,0,3.19,
STU02474,Jordan,Patel,19.0,engineering,fall 2022,45,50.2%,8.6,3.0,Fail,Y,2.1,
STU02560,Sam,Johnson,,Business Admin,F23,97,81.5%,4.0,4.0,P,True,3.3,
STU02856,Morgan,Lee,23.0,Psychology,Fall 2022,86,48.7%,8.8,10.0,Pass,Yes,1.82,
STU02747,Casey,smith,17.0,PSYCH,fall2023,69,79.8%,11.9,1.0,Pass,No,3.53,
STU02252,Jordan,Patel ,20.0,Psychology,Fall 2022,59%,84.8%,4.2,4.0,Fail,N,1.69,
STU02021,Sam,,,ENG,fall2023,A+,49.6%,7.2,9.0,,0,3.57,
STU02313,alex,Patel ,29.0,Business Admin,Spring2023,C+,0.906,5.2,6.0,P,0,1.83,
STU02459,Morgan,JOHNSON,20.0,CS,Fall2022,,78.9%,5.0,2.0,1,,,
STU02160,alex,Garcia,21.0,PSYCH,Fall2022,53,,11.7,13.825787623283556,Fail,Yes,2.25,
STU02276,Jordan,,20.0,BIO,F22,,93.0%,6.1,13.16320021894367,,0,,
STU02955,Jordan,Johnson,24.0,BIO,spring 2023,94,68.0%,1.2,9.0,,,3.99,
STU02191,SAM,Davis,18.0,CS,Fall 2022,C,0.831,6.6,11.0,P,N,1.92,
STU02385,SAM,,2004.0,math,Fall 2022,,84.1%,3.3,13.709753420696702,Pass,,1.92,
STU02805,Sam,Brown,2001.0,computer science,Fall 2023,A+,,,6.0,P,No,3.31,
STU02413,Casey  ,Lee,18.0,math,Fall 2023,79,0.656,,2.0,Pass,No,1.79,
STU02491,Riley,smith,,Engineering,,C+,0.585,7.1,8.0,F,N,2.83,
STU02343,Taylor,Brown,25.0,,Spring2023,A+,0.837,9.6,8.0,,0,3.59,
STU02769,Taylor,Johnson,20.0,Computer Science,spring 2023,A-,82.1%,,10.0,pass,Y,2.72,
STU02308,SAM,Davis,,Computer Science,Spring 2023,72,72.4%,9.6,8.0,,Yes,3.84,
STU02661,Morgan,Garcia,18.0,business,Fall 2023,68%,,3.9,1.0,Pass,1,3.02,
STU02130,SAM,,21.0,engineering,spring 2023,A+,58.9%,7.2,4.0,P,N,2.26,
STU02663,SAM,Johnson,17.0,computer science,,C,69.2%,7.9,11.0,P,False,2.04,
STU02871,Morgan,,24.0,,fall2023,,0.655,11.0,5.0,Pass,1,1.96,
STU02099,alex,Smith,,CS,Spring 2023,71,0.625,10.6,9.0,P,False,3.88,
STU02372,Casey  ,Patel,20.0,Computer Science,F23,56,78.8%,1.6,3.0,F,,3.56,
STU02087,SAM,Johnson,,business,Fall 2023,69,0.742,9.7,2.0,,,3.21,
STU02458,Jordan ,Patel ,28.0,comp sci,Spring 2023,85,,,6.0,Pass,N,2.23,
STU02330,SAM,Lee,20.0,Computer Science,Spring2023,D+,77.4%,4.5,11.0,Fail,True,,
STU02214,Morgan,Patel,27.0,Psychology,F23,B,0.593,3.9,11.0,pass,N,,
STU02466,Alex,JOHNSON,21.0,Mathematics ,fall2023,83%,0.81,6.7,8.0,,True,2.72,
STU02121,Riley,Smith,29.0,business,spring 2023,66,52,2.3,2.0,P,1,2.56,
STU02614,Sam,Patel,,BIO,spring 2023,F,100,10.8,2.0,Pass,Yes,3.43,
STU02020,Alex,Patel,23.0,Mathematics,Fall 2023,,66.6%,5.3,6.0,Fail,Y,,
STU02700,Sam,Lee,22.0,MATH,Spring2023,92%,47.0%,4.0,6.0,,False,2.21,
STU02071,Casey,Garcia,2001.0,math,Fall2022,F,0.695,8.1,4.0,1,False,3.58,
STU02106,alex,Davis,19.0,Computer Science,,C,84.2%,1.8,3.0,P,1,3.3,
STU02270,Riley,,,Biology,Fall 2023,,0.752,3.9,0.0,Pass,No,1.93,
STU02860,Jordan ,Smith,2007.0,Mathematics,,D,55.6%,11.2,2.0,Fail,0,2.04,
STU02435,Alex,Patel,18.0,Computer Science,Spring2023,,,,11.0,F,False,2.3,
STU02102,Casey,Davis,20.0,Business,Spring 2023,70,81.5%,,7.0,P,,2.38,
